가게,store
가격,price
가구,furniture
가까워지다,closer
가까이,closely
가깝다,close
가꾸다,cultivate
가끔,sometimes
가난,poor
가난하다,poor
가늘다,thin
가능,possible
가능성,Possibility
가능하다,possible
가능해지다,become possible
가다,go
가득,full
가득하다,full in here
가득히,chock
가라앉다,Sink
가려지다,covered
가령,chamberlain
가로,width
가로등,Street lamp
가로막다,block
가로수,colonnade
가루,powder
가르다,divide
가르치다,teach
가르침,teaching
가리다,blind
가리키다,point out
가만,wait
가만있다,stay still
가만히,Still
가뭄,drought
가방,bag
가볍다,light
가사,lyrics
가상,email
가수,singer
가스,gas
가슴,chest
가슴속,breast
가요,song
가운데,middle
가위,scissors
가을,autumn
가이드,guide
가입,join
가입자,subscriber
가입하다,join
가장,most
가정,home
가정교사,tutor
가져가다,Take away
가져다주다,bring
가져오다,Bring
가족,family
가죽,leather
가지,egg plant
가지다,have
가짜,FALSE
가치,value
가치관,Values
가톨릭,Catholic
가하다,inflict
각,each
각각,each
각국,each country
각기,each
각오,Resolution
각자,Each
각종,various
간,liver
간격,interval
간단하다,Simple
간단히,simply
간부,Cadre
간섭,Interference
간식,snack
간신히,barely
간장,soy sauce
간접,indirect
간접적,indirect
간판,Sign
간편하다,easy
간호,nurse
간호사,nurse
간혹,sometimes
갇히다,be confined
갈다,Sharpen
갈등,conflict
갈비,rib
갈비탕,Galbitang
갈색,brown
갈수록,As time goes by
갈아입다,change
갈아타다,transfer
갈증,thirst
감,persimmon
감각,sense
감기,cold
감다,reel in
감독,director
감동,moved
감동적,touching
감사,thanks
감사하다,Thank
감상,enjoy
감상하다,Appreciate
감소,decrease
감소되다,decrease
감소하다,Diminish
감수성,sensibility
감싸다,cover
감옥,prison
감자,potato
감정,emotion
감정적,emotional
감추다,hide
감히,dare
갑,the former
갑자기,suddenly
갑작스럽다,It's sudden
값,value
값싸다,cheap
강,river
강남,Gangnam
강당,auditorium
강도,robbery
강력하다,powerful
강력히,strongly
강렬하다,Intense
강물,river water
강변,riverside
강북,Gangbuk
강사,teacher
강수량,precipitation
강아지,puppy
강요하다,Compel
강원도,Gangwon-do
강의,lecture
강의하다,lecture
강제,compulsion
강조,emphasis
강조하다,Emphasize
강하다,strong
강화하다,Reinforce
갖가지,all sorts of things
갖다,have
갖추다,possess
같다,same
같이,together
같이하다,do together
갚다,pay back
개,dog
개개인,individual
개구리,frog
개국,opening
개나리,forsythia
개다,fold
개미,ant
개발되다,developed
개발하다,develop
개방,Opening
개방되다,open
개방하다,open
개별,Individual
개선,improvement
개선되다,improve
개선하다,improve
개성,Individuality
개월,month
개인,individual
개인적,Personal
객관적,objective
걔,He
거,thing
거기,there
거꾸로,Backwards
거대하다,It's huge
거두다,reap
거들다,assist
거듭,repeatedly
거리,distance
거부하다,reject
거실,living room
거액,mint
거울,mirror
거의,almost
거절하다,refuse
거짓,lie
거짓말,lie
거치다,pass through
거칠다,crudity
거품,bubble
걱정,worry
걱정되다,worried about
걱정스럽다,I'm worried
걱정하다,Worry
건,case
건강,health
건강하다,healthy
건너,across
건너가다,cross
건너다,to cross
건너오다,come over
건너편,other side
건넌방,across the room
건네다,carry across
건네주다,hand over
건드리다,touch
건물,building
건설,erection
건설되다,be constructed
건설하다,Build
건전하다,wholesome
건조,dry
건조하다,dry
건지다,rescue
건축,construct
걷기,walking
걷다,walk
걸다,bet
걸리다,hang
걸어가다,walk
걸어오다,walk
걸음,step
걸치다,cover
검다,black
검사,test
검은색,Black color
검정색,black
검토,examine
겁,cowardice
겁나다,scary
것,thing
겉,outside
게,crab
게다가,furthermore
게시판,notice board
게으르다,lazy
게임,game
겨우,barely
겨울,winter
겨울철,winter
겨자,mustard
겪다,experience
견디다,Endure
견해,View
결과,result
결과적,resultant
결국,at last
결론,conclusion
결석,absent
결석하다,be absent
결승,finals
결심,Determination
결심하다,Decide
결정,decision
결정되다,be decided
결정하다,decide
결코,never
결혼,marriage
결혼식,Wedding ceremony
결혼하다,Get married
경계,boundary
경고,warning
경고하다,warn
경기,game
경기도,gyeonggi-do
경기장,Stadium
경력,career
경복궁,Gyeongbokgung
경비,guard
경상도,Gyeongsang-do
경영,management
경영하다,run
경우,case
경쟁,compete
경쟁력,Competitiveness
경제,economy
경제력,economic power
경제적,economical
경제학,economics
경주,Gyeongju
경찰,police
경찰관,police officer
경찰서,police office
경치,sight
경향,tendency
경험,experience
경험하다,Experience
곁,neighborhood
계곡,Valley
계단,stairs
계란,egg
계산,calculate
계산기,A calculator
계산하다,Calculate
계속,continue
계속되다,continue
계속하다,Continue
계시다,be there
계약,contract
계절,season
계좌,account
계층,hierarchy
계획,plan
계획하다,Plan
고개,head
고객,customer
고교,high school
고구려,Goguryeo
고구마,sweet potato
고궁,old palace
고급,advanced
고급스럽다,It's luxurious
고기,meat
고등학교,high school
고등학생,high school student
고려,Consideration
고려하다,consider
고르다,choose
고맙다,thanks
고모,aunt
고모부,Uncle
고무신,rubber shoes
고민,worry
고민하다,worry
고생,hardship
고생하다,Is suffering
고소하다,accuse
고속,high speed
고속도로,highway
고속버스,Express Bus
고양이,cat
고요하다,calm
고작,At best
고장,breakdown
고전,classic
고집,stubborn
고집하다,insist
고추,pepper
고추장,chili pepper paste
고춧가루,chili powder
고치다,fix
고통,pain
고통스럽다,It's painful
고프다,I'm hungry
고함,shout
고향,hometown
곡,song
곡식,grain
곤란하다,It is difficult
곧,soon
곧다,straight
곧바로,Right away
곧이어,Soon after
곧잘,soon
곧장,right away
골,goal
골고루,Evenly
골목,alley
골목길,close
골짜기,valley
골치,headache
골프,golf
골프장,golf course
곰,bear
곱다,pretty
곳,place
곳곳,everywhere
공,ball
공간,space
공개,open
공개하다,Open to the public
공격,attack
공격하다,attack
공공,public
공군,air Force
공급,supply
공기,air
공동,public
공무원,public official
공부,study
공부하다,study
공사,construction
공식,official
공식적,official
공업,industry
공연,show
공연되다,performed
공연장,concert hall
공연하다,perform
공연히,vainly
공원,park
공장,factory
공주,princess
공중,Public
공중전화,Payphone
공짜,free
공책,Notebook
공통,common
공통되다,common
공통적,common
공통점,common ground
공포,fear
공항,airplane
공항버스,airport bus
공해,pollution
공휴일,holiday
과,class
과거,past
과목,subject
과연,indeed
과외,tutoring
과일,fruit
과자,snack
과장,exaggeration
과정,procedure
과제,assignment
과학,science
과학자,Scientist
과학적,scientific
관객,audience
관계,relationship
관계되다,be related
관계없이,Regardless
관계자,Officials
관광,tourism
관광객,tourist
관광버스,tour bus
관광지,Tourist destination
관념,concept
관람,Preview
관람객,Audience
관련,related
관련되다,It is related
관련하다,relate
관리,management
관리하다,manage
관습,custom
관심,interest
관심사,Interest
관점,aspect
관찰,observe
관찰하다,Observe
관하다,govern
광경,scene
광고,advertisement
광장,Plaza
광주,gwangju
괜찮다,Okay
괜히,in vain
괴로움,suffering
괴로워하다,suffer
괴롭다,pain
괴롭히다,bother
굉장하다,It's awesome
굉장히,greatly
교과서,textbook
교내,On campus
교대,rotation
교류,A.C
교문,school gate
교복,uniform
교사,teacher
교수,professor
교시,period
교실,classroom
교양,Culture
교외,suburbs
교육,education
교육비,education expenses
교육자,educator
교장,Principal
교재,textbook
교직,union
교체,substitute
교통,traffic
교통사고,Traffic Accident
교포,Korean
교환,exchange
교환하다,exchange
교회,church
교훈,Lesson
구,nine
구경,caliber
구경하다,watch
구두,shoes
구르다,recoil
구름,cloud
구멍,hole
구별,Distinction
구별되다,be distinguished
구별하다,Distinguish
구분,division
구분되다,separate
구분하다,divide
구석,corner
구석구석,every corner
구성,composition
구성되다,consist of
구성하다,Make up
구속,Restriction
구속되다,be arrested
구속하다,bind
구십,ninety
구역,area
구월,September
구입,purchase
구입하다,Buy
구조,structure
구청,District office
구체적,detailed
구하다,get
국,soup
국가,nation
국가적,national
국기,flag
국내,domestic
국내선,Domestic flights
국내외,Domestic and international
국립,establishment
국물,soup
국민,nation
국민적,national
국사,national affairs
국산,domestically produced
국수,noodle
국어,Korean
국왕,king
국적,nationality
국제,International
국제선,international
국제적,international
국제화,internationalization
국회,Congress
국회의원,member of Congress
군,army
군대,army
군데,here and there
군사,Military
군인,soldier
굳다,harden
굳어지다,harden
굳이,Why?
굳히다,bind
굵다,thick
굶다,starve
굽다,bake
굽히다,bend
궁극적,ultimate
궁금하다,I'm curious
권,volume
권리,right
권위,authority
권투,boxing
권하다,recommend
귀,ear
귀가,homecoming
귀가하다,return home
귀국,Return
귀국하다,return home
귀신,ghost
귀엽다,cute
귀중하다,precious
귀찮다,it's bothering
귀하다,precious
귓속,In your ear
규모,Scale
규정,Rule
규칙,rule
규칙적,regular
균형,balance
귤,mandarin
그,that
그간,In the meantime
그거,that
그것,that
그곳,there
그나마,At least
그날,that day
그냥,just
그녀,she
그놈,That guy
그늘,shade
그다음,next
그다지,very
그대,you
그대로,as it is
그동안,Meantime
그때,at that time
그때그때,From time to time
그래,okay
그래도,still
그래서,so
그래야,So that
그래픽,graphic
그램,gram
그러나,however
그러니까,therefore
그러다,Then
그러면,then
그러므로,therefore
그러하다,It is true
그런,that
그런대로,enough
그런데,however
그럴듯하다,It's plausible
그럼,then
그렇게,like that
그렇다,Yes
그렇지,yes
그렇지만,but
그려지다,drawn
그루,Groo
그룹,group
그릇,bowl
그리,picture
그리고,and
그리다,draw
그리로,There
그리움,longing
그리워하다,miss
그리하여,therefore
그림,painting
그림자,shadow
그립다,Miss you
그만,stop
그만두다,Quit
그만큼,that much
그만하다,stop
그분,Him
그사이,in between
그야말로,Literally
그이,He
그저,just
그저께,Day before yesterday
그전,Before that
그제서야,Only then
그제야,Only then
그중,among them
그쪽,over there
그치다,stop
그토록,So much
그해,that year
극,pole
극복,Overcome
극복하다,Overcome
극작가,playwright
극장,theater
극히,like mad
근거,reason
근거하다,based on
근교,suburb
근데,however
근래,recently
근로,work
근로자,Employee
근무,work
근무하다,work
근본,fundamental
근본적,fundamental
근원,Source
근육,muscle
근처,around
글,writing
글쎄,well
글쎄요,well
글쓰기,writing
글씨,writing
글자,letter
긁다,scratch
금,gold
금강산,Mt. Geumgang
금고,safe
금년,this year
금메달,gold medal
금방,soon
금세,in no time
금액,amount
금연,no smoking
금요일,friday
금지,prohibition
금지되다,be banned
금지하다,to prohibit
금하다,forbid
급,class
급격히,rapidly
급속히,rapidly
급증하다,rapidly increase
급하다,in a hurry
급히,in haste
긋다,draw
긍정적,positive
기,energy
기23,23
기간,period
기계,machine
기관,Agency
기구,machine
기기,device
기념,Commemoration
기념일,Anniversary
기념품,souvenir
기념하다,celebrate
기능,function
기다,crawl
기다리다,wait
기대,expectation
기대다,lean
기대되다,look forward to
기대하다,expect
기도,pray
기도하다,Pray
기독교,Christian
기둥,Pillar
기록,record
기록되다,recorded
기록하다,Record
기르다,cultivate
기름,Oil
기막히다,Amazing
기법,technique
기본,basic
기본적,basic
기분,mood
기뻐하다,I am happy
기쁘다,happy
기쁨,pleasure
기사,article
기성,ready-made
기성세대,older generation
기숙사,dormitory
기술,technology
기술자,technician
기술하다,describe
기억,memory
기억나다,remember
기억되다,remembered
기억하다,remember
기업,Enterprise
기업인,businessman
기여,contribute
기여하다,Contribute
기온,Temperatures
기운,Strength
기울다,slant
기울이다,tilt
기원,origin
기원전,B.C.
기자,reporter
기적,miracle
기준,standard
기차,train
기초,basic
기초적,basic
기초하다,base
기침,cough
기타,etc
기호,sign
기혼,married
기회,opportunity
기획,plan
기후,climate
긴급,emergency
긴장,nervous
긴장감,tension
긴장되다,to be nervous
긴장하다,nervous
길,road
길가,roadside
길거리,Street
길다,long
길어지다,become longer
길이,length
김,seaweed
김밥,kimbap
김치,kimchi
김치찌개,kimchi soup
김포공항,Gimpo International Airport
깊다,deep
깊숙이,deeply
깊이,depth
까다,hatch
까닭,reason
까만색,black
까맣다,It's black
까먹다,forget
까치,magpie
깍두기,Radish kimchi
깎다,cut
깔끔하다,It is clean
깔다,lay
깔리다,be crushed
깜빡,Flash
깜짝,surprise
깡패,bully
깨끗이,clean
깨끗하다,Clean
깨끗해지다,become clean
깨다,wake up
깨닫다,realize
깨달음,enlightenment
깨뜨리다,break
깨소금,Sesame salt
깨어나다,wake up
깨어지다,wake up
깨우다,wake up
깨지다,be broken
꺼내다,take out
꺼지다,break
꺾다,break
껌,chewing gum
껍질,skin
꼬리,tail
꼬마,Little
꼭,please
꼭대기,top
꼴,form
꼼꼼하다,meticulous
꼼짝,Stuck
꼽히다,be singled out
꽂다,stick
꽃,flower
꽃씨,flower seeds
꽃잎,petal
꽉,closely
꽤,fairly
꾸다,dream
꾸리다,manage
꾸미다,decorate
꾸준하다,steady
꾸준히,Steadily
꾸중,scold
꿀,honey
꿈,dream
꿈꾸다,Dreaming
꿈속,in a dream
끄다,turn off
끄덕이다,nod
끈,string
끊기다,cut off
끊다,Quit
끊어지다,cut off
끊임없다,It's endless
끊임없이,endlessly
끌다,drag
끌리다,traipse
끌어당기다,pull
끓다,boil
끓이다,boil
끝,end
끝나다,end
끝내,Finished
끝내다,finish
끝없다,endless
끝없이,eternally
끼,talent
끼다,Put on
끼어들다,intervene
끼우다,insert
나,me
나가다,go out
나누다,divide
나누어지다,be divided
나뉘다,divided
나다,grow
나들이,picnic
나라,country
나란히,side by side
나르다,tote
나름,depending on
나머지,remain
나무,tree
나물,Herbs
나뭇가지,branch
나뭇잎,leaf
나비,butterfly
나빠지다,get worse
나쁘다,bad
나서다,launch
나아가다,go forward
나아지다,get better
나오다,come out
나이,age
나중,later
나침반,Compass
나타나다,appear
나타내다,Express
나흘,four days
낙엽,fallen leaves
낚시,fishing
낚시꾼,angler
낚싯대,fishing rod
난리,Uproar
난방,heating
날,me
날개,wing
날다,fly
날리다,fly
날씨,weather
날아가다,fly away
날아다니다,fly
날아오다,fly in
날짜,date
날카롭다,Sharp
낡다,old
남,other
남기다,leave
남녀,men and women
남다,left
남대문,Namdaemun
남대문시장,Namdaemun Market
남동생,younger brother
남매,siblings
남미,South America
남부,Southern
남북,north and south
남산,Namsan
남성,male
남자,man
남쪽,South
남편,husband
남학생,boy
납득하다,convince
낫다,better
낭비,waste
낮,afternoon
낮다,low
낮아지다,come low
낮추다,lower
낯설다,strange
낱말,word
낳다,give birth
내,my
내과,medicine
내내,all the time
내년,next year
내놓다,put out
내다,Pay
내다보다,look out
내달,next month
내려가다,go down
내려놓다,put down
내려다보다,look down
내려오다,go down
내려지다,put down
내리다,get off
내밀다,hold out
내버리다,throw away
내보내다,send out
내부,interior
내쉬다,exhale
내외,Inside and outside
내용,detail
내용물,contents
내일,tomorrow
내적,dot product
내주다,let
내지,inside
내후년,next year
냄비,pot
냄새,smell
냇물,stream
냉동,frozen
냉면,Cold noodles
냉방,cooling
냉장고,refrigerator
너,you
너머,beyond
너무,too
너무나,too
너희,you guys
넉,four
넉넉하다,Plenty
널리,extensively
넓다,wide
넓어지다,widen
넓히다,widen
넘겨주다,hand over
넘기다,to pass over
넘다,exceed
넘어가다,skip
넘어뜨리다,knock down
넘어서다,overcome
넘어오다,come over
넘어지다,fall down
넘치다,spill over
넣다,Insert
네,yes
네거리,crossroads
넥타이,necktie
넷,four
넷째,fourth
녀석,guy
년,year
년대,decade
년도,year
년생8,Born in 8
노동,labor
노동자,worker
노란색,yellow
노랗다,yellow
노래,sing
노래방,karaoke
노래하다,Sing
노랫소리,singing voice
노력,effort
노력하다,try hard
노선,route
노인,old man
노트,note
녹다,melt
녹색,green
녹음,record
녹음하다,record
녹이다,melt
녹차,green tea
녹화,recording
논,rice paddy
논리,logic
논리적,logical
논문,thesis
논의하다,discuss
논쟁,arguement
논하다,reason
놀다,play
놀라다,surprised
놀랍다,surprising
놀리다,Badinage
놀이,play
놀이터,playground
놈,bloke
농구,basketball
농담,joke
농민,farmers
농부,farmer
농사,farming
농사일,farming
농사짓다,farm
농산물,Agricultural products
농업,Agriculture
농장,Farm
농촌,Rural
높다,high
높아지다,get higher
높이,height
높이다,heighten
놓다,put
놓아두다,let go
놓이다,go
놓치다,to let go
놔두다,leave
뇌,brain
누구,who
누나,sister
누르다,Press down
눈,eye
눈가,around the eyes
눈감다,close one's eyes
눈길,line of vision
눈동자,pupil
눈뜨다,open one's eyes
눈물,tear
눈병,eye disease
눈부시다,dazzling
눈빛,a look
눈썹,Eyebrow
눈앞,Before your eyes
눕다,lay down
뉴스,news
뉴욕,New York
느껴지다,feel
느끼다,feel
느낌,feeling
느리다,slow
늑대,A wolf
늘,always
늘다,gain
늘리다,increase
늘어나다,increase
늘어놓다,lay out
늘어서다,line up
늘어지다,hang down
늙다,old
능동적,active
능력,ability
늦가을,late fall
늦다,late
늦어지다,be late
다,all
다가가다,Go closer
다가서다,approach
다가오다,to come closer
다녀가다,go around
다녀오다,come back
다니다,go
다듬다,trim
다루다,Deal with
다르다,different
다른,different
다름없다,It's no different
다리,leg
다만,but
다방,coffee house
다섯,five
다섯째,fifth
다소,a little
다수,many
다시,again
다양성,Diversity
다양하다,Varies
다양해지다,become diverse
다음,next
다이어트,diet
다정하다,considerate
다지다,mince
다짐하다,promise
다치다,get hurt
다투다,contend
다툼,conflict
다하다,fulfill
다행,Relief
다행히,Fortunately
닥치다,befall
닦다,To Wipe
단,step
단계,step
단골,connexion
단단하다,hard
단독,single
단맛,sweetness
단순,simple
단순하다,simple
단순히,simply
단어,word
단위,unit
단점,disadvantage
단지,only
단체,organization
단추,button
단편,snippet
단풍,Maple
닫다,close
닫히다,shut
달,moon
달걀,egg
달다,Sweet
달라지다,to be different
달래다,lull
달러,dollar
달려가다,run
달려들다,rush
달려오다,run
달력,calendar
달리,unlike
달리기,running
달리다,run
달리하다,differ
달빛,Moonlight
달아나다,run away
닭,chicken
닭고기,chicken
닮다,Resemble
담,wall
담그다,Dip
담기다,put in
담다,contain
담당,in charge
담당자,manager
담당하다,It is responsible for
담배,cigarette
담요,blanket
담임,homeroom teacher
답,answer
답답하다,frustrated
답변,answer
답장,reply
답하다,answer
닷새,five days
당근,carrot
당기다,pull
당당하다,confident
당분간,for now
당시,at that time
당신,you
당연하다,Of course
당연히,of course
당장,right now
당하다,encounter
당황하다,Panic
닿다,reach
대,big
대가,cost
대강,outline
대개,mostly
대구,daegu
대규모,Large-scale
대기,atmosphere
대기업,major company
대기하다,wait
대낮,midday
대다,put
대다수,plurality
대단하다,amazing
대단히,very
대답,answer
대답하다,Answer
대도시,big city
대략,approximately
대량,block
대로,Road
대륙,continent
대문,main door
대부분,mostly
대비,prepare
대비하다,Be ready
대사,line
대사관,Embassy
대상자,Subject
대신,instead
대신하다,It is instead
대여섯,Five or six
대응,react
대응하다,react
대입,college admissions
대전,Daejeon
대접,Hospitality
대접하다,entertain
대중,public
대중교통,public transport
대중문화,popular culture
대중적,popular
대책,Measures
대처하다,cope with
대체,how
대체로,generally
대출,loan
대충,Roughly
대통령,president
대표,representative
대표적,representative
대표하다,to represent
대하다,treat
대학,university
대학교,university
대학교수,university professor
대학로,Daehak-ro
대학생,College student
대학원,Graduate school
대한민국,korea
대합실,waiting room
대형,large
대화,conversation
대화하다,Converse with
대회,Competition
댁,Dak
댐,dam
더,more
더구나,Moreover
더더욱,Even more
더러워지다,get dirty
더럽다,dirty
더불다,together
더욱,More
더욱더,even more
더욱이,Furthermore
더위,heat
더하다,add
덕,virtue
덕분,thanks for
덕수궁,Deoksugung Palace
던지다,throw
덜,less
덜다,subtract
덥다,hot
덧붙이다,add
덩어리,Lump
덮다,cover
덮이다,cope
데,place
데려가다,take
데려오다,bring
데리다,be accompanied
데우다,warm up
데이트,date
도,do
도구,equipment
도달하다,Reach
도대체,why
도덕,moral
도둑,thief
도로,road name
도리어,On the contrary
도마,cutting board
도망,escape
도망가다,run away
도망치다,run away
도서관,library
도시,city
도시락,lunch box
도심,downtown
도와주다,help
도움,help
도움말,Help
도입,introduction
도자기,ceramic
도장,stamp
도저히,No way
도전,challenge
도중,on the way
도착,arrive
도착하다,arrive
도쿄(동경),Tokyo
독감,flu
독립,Independent
독립하다,become independent
독서,reading
독일,germany
독일어,German
독창적,original
독특하다,special
독하다,It's strong
돈,money
돌,rock
돌다,spin
돌려주다,Give back
돌리다,turn
돌멩이,stone
돌보다,Take care
돌아가다,return
돌아다니다,Roam
돌아보다,look back
돌아서다,turn around
돌아오다,Come back
돕다,help
동,dong
동그라미,circle
동그랗다,round
동기,motivation
동네,town
동대문,Dong Dae Moon
동대문시장,Dongdaemun Market
동료,colleague
동물,animal
동물원,Zoo
동부,Eastern
동생,Brother
동서,cohabitation
동서남북,north south east west
동시,The same time
동아리,club
동안,during
동양,Eastern
동양인,an Asian
동의,agreement
동의하다,Agree
동일하다,same
동작,movement
동전,coin
동쪽,East
동창,alumni
동포,compatriots
동행,accompany
동화,Fairytale
동화책,fairy tale book
돼지,pig
돼지고기,pork
되게,very
되다,become
되돌리다,get back
되돌아가다,turn back
되돌아보다,look back
되돌아오다,come back
되살리다,revive
되찾다,get back
되풀이되다,repeat
되풀이하다,repeat
된장,soybean paste
된장찌개,soy bean paste soup
두,two
두껍다,thick
두께,thickness
두뇌,brains
두다,put
두드러지다,stand out
두드리다,knock
두려움,fear
두려워하다,afraid of
두렵다,afraid
두르다,borrow
두리번거리다,look around
두부,tofu
두세,two or three
두어,put it
두통,headache
둘,two
둘러보다,Look around
둘러싸다,surround
둘러싸이다,be surrounded
둘째,second
둥글다,round
둥지,nest
뒤,back
뒤늦다,It's too late
뒤따르다,beset
뒤지다,fall behind
뒤집다,reverse
뒤쪽,behind
뒤편,behind
뒷골목,back street
뒷모습,back
뒷문,back door
뒷산,back mountain
드디어,at las
드라마,drama
드러나다,emerge
드리다,give
드물다,rare
듣다,listen
들,field
들다,Hold
들려오다,hear
들려주다,tell
들르다,drop in at
들리다,hear
들어가다,enter
들어서다,enter
들어오다,come in
들어주다,listen
들여놓다,bring in
들여다보다,look into
들이다,admit
들이마시다,inhale
들이켜다,drink up
듯,Seems like
듯싶다,It seems like
듯이,as if
듯하다,look like
등,etc.
등등,etc
등록,registration
등록금,Tuition
등록증,registration certificate
등록하다,It is registered
등산,mountain climbing
등산로,hiking trail
등장,appear
등장하다,appear
디스크,disk
디자이너,designer
디자인,design
따님,Daughter
따다,Pick
따뜻하다,warm
따라가다,to follow
따라다니다,follow
따라서,thus
따라오다,follow
따로,separately
따로따로,Separately
따르다,follow
따스하다,warm
딱,Just
딱딱하다,It is hard
딴,different
딸,daughter
딸기,strawberry
딸아이,daughter
땀,sweat
땅,earth
땅바닥,ground
땅속,bowels of the earth
땅콩,peanut
때,at the time
때때로,sometimes
때로,sometimes
때리다,hit
때문,because
땜,tinkering
떠나가다,leave
떠나다,leave
떠나오다,leave
떠들다,Chatter
떠들썩하다,make a fuss
떠오르다,fly
떠올리다,recall
떡,rice cake
떡국,tteokguk
떡볶이,tteokbokki
떨다,shiver
떨리다,nervous
떨어뜨리다,To drop
떨어지다,get off
떼,group
떼다,cut
또,also
또는,or
또다시,Again
또한,also
똑같다,same
똑같이,same
똑똑하다,Smart
똑바로,upright
뚜껑,Lid
뚫다,bore
뚱뚱하다,Fat
뛰놀다,run around
뛰다,run
뛰어가다,run
뛰어나가다,run out
뛰어나다,outstanding
뛰어나오다,jump out
뛰어내리다,jump off
뛰어넘다,jump over
뛰어놀다,run around
뛰어다니다,run around
뛰어들다,jump in
뛰어오다,jump
뛰어오르다,jump
뜨겁다,hot
뜨다,to rise
뜯다,tear off
뜰,garden
뜻,meaning
뜻대로,As you wish
뜻밖,unexpected
뜻밖에,unexpectedly
뜻하다,mean
띄다,stand out
띄우다,ferment
라디오,radio
라면,ramen
라운드,round
라이벌,rival
라이터,lighter
라인,line
라켓,racket
러시아,russia
런던,London
레몬,lemon
레스토랑,restaurant
레이저,laser
레저,leisure
렌즈,lens
로봇,robot
로터리,roundabout
리,lee
리그,League
리듬,rhythm
리터,liter
마구,harness
마누라,wife
마늘,garlic
마당,yard
마디,word
마땅하다,deserved
마라톤,marathon
마련,prepared
마련되다,prepared
마련하다,prepare
마루,Floor
마르다,dry
마리,number of animals
마무리,finish
마사지,massage
마시다,drink
마약,drug
마요네즈,mayonnaise
마을,Town
마음,mind
마음가짐,mental attitude
마음껏,As much as you like
마음대로,as you please
마음먹다,make up your mind
마음속,In my heart
마음씨,nature
마이크,mike
마주,face to face
마주치다,Come across
마중,welcome
마지막,last
마찬가지,same here
마찰,friction
마치,like
마치다,finish
마침,Finish
마침내,Finally
마크,mark
마흔,forty
막,membrane
막걸리,Makgeolli
막내,the youngest
막다,block
막상,Actually
막히다,blocked
만,only
만나다,meet
만남,meeting
만두,dumpling
만들다,make
만들어지다,Made
만만하다,It's easy
만세,hurray
만약,if
만일,if
만점,perfect score
만족,Satisfaction
만족스럽다,I'm satisfied
만족하다,satisfied
만지다,touch
만큼,as much as
만하다,be worth
만화,comic book
만화가,cartoonist
많다,many
많아지다,increase
많이,many
말,word
말기,last period
말다,roll
말리다,dry
말씀,words
말씀드리다,tell you
말씀하다,speak
말없이,Without saying a word
말투,speech
말하다,say
맑다,clear
맘,Mom
맘대로,As you like
맛,taste
맛보다,taste
맛없다,not delicious
맛있다,it's good
망설이다,hesitate
망원경,telescope
망치다,ruin
망하다,failed
맞다,right
맞서다,stand opposite each other
맞은편,Across
맞이하다,greet
맞추다,set
맡기다,entrust
맡다,take on
매,hawk
매너,manner
매년,every year
매다,Tie
매달,medal
매달다,suspend
매달리다,hang on
매력,attractiveness
매번,every time
매스컴,mass media
매우,very
매일,everyday
매장,store
매주,every week
매체,media
맥주,beer
맨,man
맵다,spicy
맺다,form
머리,head
머리말,preface
머리카락,hair
머리칼,hair
머릿속,in my head
머무르다,stay
머물다,stay
먹고살다,make a living
먹다,eat
먹이,food
먹이다,batten
먹히다,get eaten
먼저,first
먼지,dust
멀다,far
멀리,far
멀어지다,To get farther away
멈추다,Stop
멋,taste
멋있다,stylish
멋지다,awesome
멍멍,Woof woof
멎다,stop
메뉴,menu
메다,meda
메모,memo
메시지,message
메우다,fill up
메일,mail
며느리,daughter-in-law
며칠,few days
면,noodle
면담,interview
면적,area
면접,interview
면하다,avoid
멸치,anchovy
명,number of people
명단,list
명령,Command
명령어,command
명예,honor
명의,Name
명절,holiday
명칭,designation
명함,Business card
명확하다,clear
몇,some
몇몇,some
몇십,tens
모,what
모금,fundraising
모기,mosquito
모니터,monitor
모델,Model
모두,every
모든,every
모래,sand
모레,day after tomorrow
모르다,don't know
모범,Example
모색하다,grope
모습,figure
모시다,deify
모양,shape
모여들다,gather together
모으다,collect
모이다,gather
모임,class
모자,hat
모자라다,not enough
모조리,all
모집,recruitment
모집하다,recruit
모처럼,After a long time
모퉁이,corner
목,neck
목걸이,necklace
목록,List
목사,minister
목소리,voice
목숨,life
목요일,thursday
목욕,bath
목욕탕,baths
목적,purpose
목표,target
몰다,drive
몰래,stealthily
몰려들다,flock
몰려오다,flock
몸,body
몸매,body
몸무게,weight
몸살,sick
몸속,Inside the body
몸짓,gesture
몸통,body
몹시,Heavily
못,pond
못되다,be mean
못생기다,ugly
못지않다,It's no less
못하다,Can not do it
묘사,describe
묘사하다,Depict
무,radish
무겁다,heavy
무게,weight
무관심,indifference
무관심하다,indifferent
무궁화,Rose of Sharon
무기,weapon
무너지다,fallen
무늬,pattern
무대,stage
무더위,swelter
무덤,tomb
무덥다,It's hot
무려,whopping
무렵,Around the time
무료,free
무릎,knee
무리,swarm
무리하다,overwork
무사하다,safe
무섭다,scary
무슨,what
무시하다,ignore
무어,moore
무엇,what
무역,Trade
무용,dancing
무용가,dancer
무의미하다,meaningless
무조건,must
무지개,rainbow
무책임하다,irresponsible
무척,very
묵다,lodge
묶다,tie
묶이다,knot
문,door
문구,Phrases
문득,suddenly
문밖,outside the door
문법,grammar
문서,document
문자,message
문장,sentence
문제,problem
문제되다,be a problem
문제점,problem
문학,literature
문학적,literary
문화,culture
문화재,Cultural Heritage
문화적,classic
묻다,ask
묻히다,smear
물,water
물가,price
물건,thing
물결,wave
물고기,fish
물기,bite
물다,bite
물러나다,step down
물론,of course
물리학,Physics
물속,underwater
물어보다,ask
물음,question
물질,matter
물질적,material
물체,object
뭐,what
뭘,what
뭣,What
미,mi
미국,USA
미끄러지다,slip
미끄럽다,slippery
미니,mini
미디어,media
미래,future
미루다,Postpone
미리,beforehand
미만,under
미사일,missile
미소,smile
미술,Art
미술관,Art gallery
미스,miss
미안하다,sorry
미역,Seaweed
미용실,Salon
미움,hate
미워하다,Hate
미인,Beauty
미처,Before I knew it
미치다,crazy
미터,Meter
미팅,Meeting
미혼,single
민간,private
민속,folklore
민족,people
민주,democracy
민주주의,democracy
민주화,democratization
믿다,trust
믿어지다,believe
믿음,trust
밀가루,flour
밀다,Push
밀리다,be left undone
밀리미터,millimeter
밀접하다,close
밉다,hate
및,and
밑,bottom
밑바닥,bottom
바,bar
바가지,overpriced
바구니,basket
바깥,outside
바깥쪽,outside
바꾸다,change
바뀌다,change
바나나,banana
바늘,needle
바다,ocean
바닥,floor
바닷가,Beach
바닷물,sea ​​water
바라다,hope
바라보다,Look at
바람,wind
바람직하다,desirable
바로,as soon as
바로잡다,Straighten
바르다,Cover
바보,fool
바쁘다,busy
바싹,Closely
바위,rock
바이러스,virus
바이올린,violin
바지,pants
바치다,devote
바퀴,wheel
바탕,background
박,Gourd
박다,drive
박물관,museum
박사,doctor
박수,clap
박스,box
박히다,enter
밖,outside
반,half
반갑다,nice to meet
반기다,welcome
반대,the opposite
반대편,the other side
반대하다,Oppose
반드시,certainly
반말,informal language
반면,On the other hand
반발,repulsion
반복되다,repeat
반복하다,repeat
반성,regret
반성하다,reflect
반영하다,Reflect
반응,reaction
반장,Class monitor
반죽,dough
반지,ring
반짝거리다,twinkle
반짝이다,sparkle
반찬,side dish
반하다,fall in love
받다,receive
받아들이다,accept
받침,support
발,foot
발가락,toes
발걸음,footfall
발견,discovery
발견되다,discovered
발견하다,Discover
발길,kick
발끝,tiptoe
발달,develop
발달되다,develop
발달하다,develop
발등,instep of a foot
발레,ballet
발목,Ankle
발바닥,sole
발생,generation
발생하다,to occur
발음,pronunciation
발음하다,pronounce
발자국,footprint
발전,Development
발전되다,develop
발전하다,develop
발톱,toenail
발표,presentation
발표되다,announced
발표하다,announce
발휘하다,exert
밝다,bright
밝아지다,become brighter
밝혀내다,uncover
밝혀지다,come to light
밝히다,clarify
밟다,to step on
밤,night
밤낮,night and day
밤늦다,It's late at night
밤새,Overnight
밤새다,all night long
밤새우다,stay up all night
밤색,brown
밤중,midnight
밤하늘,night sky
밥,rice
밥그릇,rice bowl
밥맛,Appetite
밥상,dining table
밥솥,rice cooker
방,room
방금,just now
방면,direction
방문,visit
방문하다,Visit
방바닥,floor
방법,method
방송,broadcast
방송국,Broadcast stations
방송사,broadcasting company
방송하다,broadcast
방식,method
방안,measures
방울,Bell
방지,Prevention
방지하다,prevent
방학,vacation
방해,Hindrance
방해하다,interrupt
방향,direction
밭,field
배,ship
배경,background
배고프다,hungry
배구,volleyball
배꼽,navel
배다,conceive
배달,delivery
배드민턴,Badminton
배부르다,full
배우,actor
배우다,learn
배우자,spouse
배추,napa cabbage
배추김치,Kimchi
배치,arrangement
백,hundred
백두산,Mountain Baekdu
백색,White
백성,the people
백인,White
백제,Baek jae
백화점,department store
뱀,snake
뱃사람,seafarer
뱉다,disgorge
버려지다,abandoned
버릇,Habit
버리다,throw away
버섯,mushroom
버스,bus
버터,butter
버튼,button
버티다,Withstand
번,th
번개,Lightning
번거롭다,Cumbersome
번역,translation
번역하다,Translate into
번지,address
번째,th
번호,number
벌,punishment
벌금,Fine
벌다,Earn
벌떡,Jump up
벌레,bug
벌리다,be profitable
벌써,already
벌어지다,open up
벌이다,punish
범위,range
범인,criminal
범죄,crime
법,law
법률,law
법원,court
법적,legal
법칙,Rule
벗기다,peel
벗다,take off
베개,pillow
베다,mow
베이징(북경),Beijing
벤치,Bench
벨트,belt
벼,rice
벽,wall
변경,change
변동,Variance
변명,excuse
변신,transform
변하다,change
변호사,lawyer
변화,change
변화되다,change
변화하다,change
별,star
별다르다,It's different
별도,Separately
별로,not really
별명,Nickname
별일,special day
병,party
병들다,get sick
병실,ward
병아리,chick
병원,hospital
보고,report
보고서,report
보고하다,Make a report
보관,keep
보관하다,store
보내다,let go
보내오다,send
보너스,bonus
보다,see
보도,sidewalk
보도되다,be reported
보도하다,report
보라색,purple
보람,Reward
보름,full moon
보리,barley
보살피다,take care of
보상,compensation
보수,repair
보수적,Conservative
보안,security
보완하다,Redeem
보이다,show
보자기,wrapper
보장,guarantee
보장되다,guaranteed
보장하다,Vouch
보전,integrity
보조,assistant
보존,preservation
보존하다,Preserve
보충하다,to make up
보통,commonly
보편적,universal
보험,insurance
보호,protect
보호되다,protected
보호하다,Protect
복,luck
복도,corridor
복사,copy
복사기,copy machine
복사하다,To copy
복숭아,peach
복습,review
복습하다,review
복잡하다,complicated
볶다,To fry
볶음,stir-fry
볶음밥,fried rice
본,copy
본격적,In earnest
본래,originally
본부,headquarters
본사,head office
본성,original nature
본인,me
본질,nature
볼,cheek
볼링,Bowling
볼일,errands
볼펜,pen
봄,spring
봉사,volunteer
봉사하다,serve
봉지,bag
봉투,envelope
뵈다,see
뵙다,meet
부,wealth
부근,vicinity
부끄러움,shame
부끄럽다,I'm embarrassed
부담,Burden
부담하다,burden
부대,army unit
부동산,real estate
부드럽다,soft
부딪치다,bump into
부딪히다,To get hit
부러워하다,envy
부러지다,break
부럽다,i envy you
부르다,call
부모,parents
부모님,parents
부문,sector
부부,married couple
부분,part time job
부분적,partially
부산,busan
부상,injury
부서,department
부서지다,break
부엌,kitchen
부위,part
부인,ma'am
부자,the rich
부작용,side effect
부잣집,rich family
부장,Director
부재,absence
부정,denial
부정적,negative
부정하다,unclean
부족,lack
부족하다,lack
부지런하다,diligent
부지런히,industriously
부채,fan
부처,Buddha
부치다,send
부친,father
부탁,ask
부탁하다,Beg
부품,part
부피,volume
부회장,vice-chairman
북,north
북부,northern
북쪽,North
북한,North Korea
분,minute
분노,anger
분량,amount
분리,separation
분리되다,separate
분리하다,Disunite
분명,For sure
분명하다,Obvious
분명해지다,become clear
분명히,clearly
분석,analyze
분석하다,Analyze
분야,Field
분위기,atmosphere
분주하다,busy
분포하다,distribute
분필,chalk
분홍색,pink
불,fire
불가능하다,impossible
불가피하다,it's inevitable
불고기,Bulgogi
불과,only
불과하다,It's just a little bit
불교,buddhism
불구하다,to be crippled
불꽃,flame
불다,blow
불러일으키다,evoke
불리다,be called
불리하다,disadvantageous
불만,dissatisfaction
불법,illegal
불빛,fire
불쌍하다,poor
불안,unrest
불안하다,Unstable
불어오다,blow
불완전하다,incomplete
불이익,disadvantage
불편,Inconvenience
불편하다,inconvenient
불평,complain
불평등하다,unequal
불필요하다,unnecessary
불행,Unhappiness
불행하다,unhappy
불확실하다,uncertain
붉다,red
붐비다,bustle
붓다,pour
붙다,pass
붙들다,arrest
붙이다,attach
붙잡다,seize
붙잡히다,get caught
브랜드,brand
블라우스,blouse
비,rain
비교,comparison
비교적,Comparative
비교하다,compare
비극,tragedy
비기다,compare to
비난,criticism
비누,soap
비닐,vinyl
비닐봉지,plastic bag
비다,be empty
비둘기,pigeon
비디오,video
비로소,for the first time
비롯되다,originate from
비롯하다,originate
비만,obesity
비명,scream
비밀,secret
비바람,rainstorm
비비다,rub
비빔밥,bibimbap
비상,emergency
비서,secretary
비슷하다,similar
비싸다,expensive
비용,expense
비우다,vacate
비웃다,Making fun of
비율,ratio
비중,importance
비추다,irradiate
비치다,hint
비키다,get out of the way
비타민,vitamin
비판,Criticism
비판적,critical
비판하다,criticize
비하다,compare
비행,flight
비행기,airplane
비행장,airfield
빌다,beg
빌딩,building
빌리다,borrow
빗,comb
빗물,rainwater
빗방울,raindrop
빗줄기,raindrops
빚,debt
빛,light
빛깔,color
빛나다,shine
빠뜨리다,leave out
빠르다,fast
빠져나가다,get out
빠져나오다,get out
빠지다,fall
빨간색,Red
빨갛다,It's red
빨다,suck
빨래,Wash
빨리,hurry
빵,bread
빼놓다,leave out
빼다,remove
빼앗기다,be taken away
빼앗다,Steal
뺏다,take away
뺨,cheek
뻔하다,obvious
뻗다,stretch
뼈,bone
뽑다,select
뽑히다,be chosen
뿌리,root
뿌리다,spread
뿌리치다,shake off
뿐,only
사,buy
사건,Event
사계절,four Seasons
사고,accident
사과,apologize
사과하다,apologize
사귀다,make friends with
사기,fraud
사나이,man
사냥,hunt
사다,buy
사들이다,buy
사라지다,disappear
사람,person
사랑,love
사랑스럽다,lovely
사랑하다,Love
사례,example
사립,private
사망,Dead
사망하다,die
사모님,Mrs
사무,Affairs
사무소,office
사무실,office
사무직,office job
사물,objects
사방,everywhere
사상,thought
사생활,privacy
사설,editorial
사소하다,trivial
사슴,deer
사실,actually
사실상,virtually
사십,Fourty
사업,business
사업가,Entrepreneur
사업자,buisnessman
사용,use
사용되다,be used
사용자,user
사용하다,use
사원,employee
사월,April
사위,son-in-law
사이,between
사이사이,Between
사이좋다,We get along well
사자,lion
사장,CEO
사전,dictionary
사전22,Dictionary 22
사정,circumstances
사진,picture
사진기,camera
사촌,cousin
사춘기,puberty
사탕,candy
사투리,dialect
사표,resignation letter
사회,society
사회생활,Social Life
사회자,moderator
사회적,social
사회주의,socialism
사회학,sociology
사흘,three days
산,mountain
산길,mountain path
산부인과,Obstetrics and gynecology
산소,Oxygen
산속,in the mountains
산업,industry
산책,walk
살,fat
살다,live
살리다,save
살림,livelihood
살아가다,live
살아나다,come alive
살아남다,survive
살아오다,live
살인,Murder
살짝,a little
살펴보다,take a look
살피다,watch
삶,life
삶다,Boil
삼,three
삼가다,forbear
삼계탕,Samgyetang
삼국,Three Kingdoms
삼다,make
삼십,thirty
삼월,March
삼촌,uncle
삼키다,gulp down
상,award
상23,23
상25,25
상관,relation
상관없다,Does not matter
상관없이,Regardless of
상금,reward
상담,consulting
상당,equivalent
상당수,quite a few
상당하다,considerable
상당히,Pretty
상대,opponent
상대방,opponent
상대성,relativity
상대적,relative
상대편,the other side
상류,upstream
상반기,the first half
상상,Imagination
상상력,imagination
상상하다,Imagine
상식,Common sense
상업,Commerce
상인,merchant
상자,Box
상점,shop
상징적,symbolic
상징하다,symbolizes
상처,wound
상추,Lettuce
상쾌하다,refreshing
상태,situation
상표,brand
상품,Goods
상하다,rot
상황,situation
새,bird
새기다,carve
새끼,young
새다,leak
새로,New
새로이,freshly
새롭다,new
새벽,dawn
새소리,birdsong
새우,shrimp
새우다,shrimp
새해,new year
색,color
색깔,Color
색다르다,It's different
색연필,color pencil
샌드위치,sandwich
생,raw
생각,thought
생각나다,come to mind
생각되다,think
생각하다,Think
생겨나다,arise
생기,Vigor
생기다,to happen
생명,life
생물,Biology
생방송,live broadcast
생산,production
생산되다,produced
생산력,productivity
생산자,producer
생산하다,Produce
생선,fish
생신,birthday
생일,birthday
생활,life
생활비,living expenses
생활수준,standard of living
생활용품,Household goods
생활하다,live
생활환경,living environment
샤워,shower
서구,Western
서너,three or four
서늘하다,cool
서다,stand
서두르다,hurry
서랍,a drawer
서로,each other
서류,document
서른,thirty
서명,signature
서명하다,sign
서민,people
서부,western
서비스,service
서서히,slowly
서양,Western
서양인,Occidental
서울,seoul
서울역,Seoul Station
서적,books
서점,bookstore
서쪽,West
서클,circle
서투르다,clumsy
서툴다,clumsy
석,three
석사,master
석유,oil
섞다,combine
섞이다,be mixed
선,line
선거,election
선명하다,clear
선물,gift
선물하다,present
선배,senior
선생,teacher
선생님,teacher
선수,player
선언하다,declare
선원,sailor
선장,Captain
선전,propaganda
선정하다,select
선진,advanced
선진국,Developed countries
선택,select
선택하다,Choose
선풍기,fan
선호하다,prefer
설거지,dish wash
설날,new year
설득하다,persuade
설렁탕,Sullungtang
설립하다,establish
설명,explanation
설명되다,explain
설명하다,explain
설문,survey
설사,diarrhea
설악산,Mt. Seolark
설치,installation
설치되다,be installed
설치하다,install
설탕,sugar
섬,island
섭섭하다,feel dissapointed
섭씨,Celsius
성,castle
성격,personality
성경,Bible
성공,success
성공적,successful
성공하다,Succeed
성당,Cathedral
성립되다,established
성립하다,establish
성명,name
성별,gender
성숙하다,mature
성실하다,sincere
성인,adult
성장,growth
성장하다,grow up
성적,sexual
성질,Property
성함,name
세,count
세계,world
세계관,world view
세계적,worldwide
세금,tax
세기,century
세다,count
세대,Generation
세련되다,sophisticated
세로,length
세미나,seminar
세상,world
세상에,oh my god
세수,wash face
세우다,set up
세워지다,erected
세월,time
세제,Detergent
세종대왕,King Sejong
세탁,laundry
세탁기,washing machine
세탁소,laundry
세트,set
섹시하다,Sexy
센터,center
센티미터,centimeter
셈,count
셋,three
셋째,third
소,cow
소개,introduction
소개되다,be introduced
소개하다,introduce
소규모,small scale
소극적,passive
소금,salt
소나기,shower
소나무,pine tree
소녀,girl
소년,boy
소득,income
소리,sound
소리치다,to yell
소망,hope
소매,Sleeve
소문,rumor
소문나다,be rumored
소박하다,simple
소비,Consumption
소비자,consumer
소비하다,spend
소설,novel
소설가,novelist
소속,belong
소수,decimal
소스,sauce
소시지,sausage
소식,News
소아과,Pediatrics
소요되다,take
소용,use
소용없다,no use
소원,wish
소위,ensign
소유,possession
소유자,owner
소유하다,own
소음,noise
소재,Material
소주,soju
소중하다,precious
소중히,cherish it
소지품,belongings
소질,diathesis
소파,Sofa
소포,package
소풍,picnic
소프트웨어,software
소형,small type
소홀히,neglected
소화,digestion
소화하다,digest
속,inside
속담,Proverb
속도,speed
속마음,inner thoughts
속삭이다,whisper
속상하다,upset
속옷,underwear
속이다,cheat
속하다,Belong
손,hand
손가락,finger
손길,touch
손녀,Granddaughter
손님,customer
손등,back of hand
손목,wrist
손바닥,Palm
손발,hands and feet
손뼉,Clap your hands
손수,handmade
손수건,handkerchief
손쉽다,Easy
손실,Loss
손자,grandson
손잡다,join hands
손잡이,handle
손질,trim
손질하다,trim
손톱,Fingernail
손해,loss
솔직하다,honest
솔직히,to be honest
솜,cotton
솜씨,workmanship
솟다,tower
송아지,calf
송이,cluster
송편,songpyeon
쇠,iron
쇠고기,beef
쇼,show
쇼핑,shopping
수,number
수26,Number 26
수건,Towel
수고,effort
수고하다,Keep the good work
수년,years
수단,method
수도,capital
수도권,Metropolitan area
수도꼭지,water tap
수돗물,tap water
수동적,passive
수리하다,Repair
수만,tens of thousands
수많다,There are countless
수면,Sleep
수명,life span
수박,watermelon
수백,hundreds
수상,Awards
수석,top
수술,surgery
수시로,frequently
수십,dozens
수업,class
수없이,countless times
수염,mustache
수영,swimming
수영장,swimming pool
수요,demand
수요일,wednesday
수입,income
수입되다,be imported
수입품,imported goods
수입하다,import
수저,spoon and chopsticks
수준,level
수집,collection
수집하다,collect
수천,thousands
수출,Export
수출하다,export
수컷,cock
수표,check
수필,essay
수학,math
수행하다,Conduct
수험생,test taker
수화기,receiver
숙녀,Lady
숙소,lodging
숙이다,bow down
숙제,homework
순간,Moment
순간적,momentary
순서,order
순수,pure
순수하다,pure
순식간,wink
순위,ranking
순진하다,naive
순하다,gentle
숟가락,Spoon
술,alcohol
술병,bottle
술자리,drinking party
술잔,glass
술집,bar
숨,breath
숨기다,hide
숨다,hide
숨지다,hide
숫자,number
숲,forest
쉬다,rest
쉰,hoarse
쉽다,easy
슈퍼마켓,supermarket
스님,monk
스무,twenty
스물,twenty
스스로,self
스승,teacher
스웨터,sweater
스위치,switch
스치다,lick
스케이트,skate
스케줄,schedule
스키,ski
스키장,ski resort
스타,star
스타일,style
스튜디오,studio
스트레스,stress
스포츠,sports
슬그머니,Secretly
슬쩍,swipe
슬퍼하다,be sad
슬프다,sad
슬픔,sadness
습관,habit
습기,humidity
승객,passenger
승리,Victory
승리하다,win
승부,victory
승용차,car
승진,promotion
시,city
시각,Time
시간,hour
시계,clock
시골,countryside
시금치,spinach
시기,period
시끄럽다,noisy
시나리오,scenario
시내,downtown
시내버스,city ​​bus
시대,era
시대적,period
시댁,in-laws
시도,trial
시도하다,Attempt
시들다,wither
시디,cd
시디롬,cd rom
시리즈,series
시멘트,cement
시민,citizen
시부모,parents-in-law
시선,Sight
시설,facility
시스템,system
시아버지,Father in law
시야,eyesight
시어머니,mother-in-law
시외,out of town
시외버스,intercity bus
시원하다,Cool
시월,October
시위,demonstration
시인,poet
시일,seal
시작,start
시작되다,begin
시작하다,start
시장,market
시절,days
시점,point of view
시중,city
시즌,season
시집,divan
시집가다,get married
시청,City Hall
시청률,rating
시청자,viewers
시키다,make someone do
시합,match
시험,test
식,ceremony
식구,family
식기,tableware
식다,cool down
식당,restaurant
식량,food
식료품,grocery
식물,plant
식빵,bread
식사,meal
식사하다,have a meal
식생활,diet
식욕,appetite
식용유,cooking oil
식초,vinegar
식탁,table
식품,food
식품점,grocery store
식히다,cool down
신,god
신경,nerve
신고,Declaration
신고하다,report
신규,new
신기하다,amazing
신념,belief
신다,put on
신라,Silla
신랑,groom
신문,newspaper
신문사,newspaper
신문지,newspaper
신발,shoes
신부,priest
신분,Identity
신비,Mystery
신사,Gentleman
신선하다,fresh
신설,newly open
신세,I owe you
신세대,new generation
신속하다,quick
신용,credit
신인,new man
신입생,freshman
신제품,new product
신중하다,Be careful
신청,application
신청서,application
신청하다,apply
신체,body
신체적,physical
신호,signal
신호등,Traffic Light
신혼부부,newly married couple
신혼여행,Honeymoon
신화,mythology
싣다,load
실,line
실감,Realistic
실내,inside
실력,skill
실례,excuse
실례하다,Excuse me
실로,Indeed
실리다,be loaded
실망,Disappointment
실망하다,It is disappointing
실수,mistake
실수하다,Make a mistake
실습,Training
실시,practice
실시되다,carry out
실시하다,Enforce
실은,actually
실장,head of a department
실정,actual circumstances
실제,real
실제로,actually
실질적,practical
실천,implement
실천하다,practice
실체,substance
실컷,To your heart's content
실태,reality
실패,failure
실패하다,fail
실험,Experiment
실현,present
실현되다,come true
실현하다,realize
싫다,hate
싫어지다,dislike
싫어하다,Dislike
심각하다,Serious
심각해지다,get serious
심다,plant
심리,trial
심리적,psychological
심부름,errand
심사,judge
심심하다,I'm bored
심장,heart
심정,feeling
심판,Referee
심하다,Severe
심해지다,get worse
십,ten
십이월,December
십일월,November
싱겁다,It's bland
싱싱하다,fresh
싶다,want
싶어지다,want to
싸구려,cheap
싸다,cheap
싸우다,fight
싸움,fight
싹,bud
싼값,cheap price
쌀,rice
쌍,pair
쌍둥이,Twins
쌓다,stack
쌓이다,To stack up
썩,So bad
썩다,rot
썰다,chaff
썰렁하다,It's dull
쏘다,shot
쏟다,pour out
쏟아지다,pour out
쓰다,write
쓰다듬다,stroke
쓰러지다,Fall down
쓰레기,trash
쓰레기통,trash can
쓰이다,serve
쓴맛,bitter
쓸다,sweep
쓸데없다,It's useless
쓸데없이,Uselessly
쓸쓸하다,I am lonely
씌우다,sheathe
씨,Seed
씨름,Wrestling
씨앗,seed
씩씩하다,brave
씹다,chew
씻기다,wash
씻다,wash
아,ah
아가씨,miss
아기,baby
아까,a moment ago
아깝다,what a waste
아끼다,grudge
아나운서,announcer
아내,wife
아냐,no
아뇨,no
아니,no
아니다,no
아니야,no
아니요,no
아니하다,No
아드님,son
아들,son
아래,under
아래쪽,down
아래층,Downstairs
아랫사람,subordinate
아르바이트,part time job
아름답다,beautiful
아마,maybe
아마도,maybe
아무,any
아무개,so-and-so
아무것,nothing
아무래도,I guess
아무런,nothing
아무렇다,It's okay
아무리,no matter how
아무튼,anyway
아버님,father
아버지,father
아빠,dad
아쉬움,regret
아쉽다,it's a shame
아스팔트,asphalt
아시아,Asia
아아,iced coffee
아예,At all
아울러,together
아유,Wow
아이,kid
아이고,oh my
아이디어,idea
아이스크림,ice cream
아저씨,mister
아주,very
아주머니,madam
아줌마,Madame
아직,yet
아침,morning
아파트,apartment
아프다,sick
아프리카,Africa
아픔,pain
아하,aha
아홉,nine
아흔,ninety
악기,instrument
악몽,nightmare
악수,handshake
안,not
안개,Fog
안경,glasses
안과,Ophthalmology
안기다,hug
안내,guide
안내하다,guide
안녕,hi
안녕하다,hello
안녕히,Bye
안다,know
안동,Andong
안되다,It doesn't work
안방,Inner room
안부,safety
안심하다,feel safe
안전,safety
안전하다,safe
안정,stability
안정되다,stabilize
안주,snack
안쪽,inside
안타깝다,Regretful
안팎,inside and outside
앉다,Sit
앉히다,sit
않다,not
알,egg
알다,know
알려지다,known
알루미늄,aluminum
알리다,inform
알맞다,fit
알아내다,to find out
알아듣다,understand
알아보다,Inquire
알아주다,recognize
알코올,Alcohol
앓다,be ill
암,cancer
암시,suggestion
암컷,female
압력,enter
앞,front
앞길,road ahead
앞날,future
앞두다,take the lead
앞뒤,Back and forth
앞문,front door
앞바다,offshore
앞서,previously
앞서다,precede
앞세우다,take the lead
앞장서다,take the lead
앞쪽,front
애,baby
애쓰다,whittle away
애인,lover
애정,Affection
애초,From the beginning
액세서리,accessory
액수,amount
앨범,album
야,hey
야간,Nighttime
야구,baseball
야구장,Baseball Stadium
야단,scold
야옹,Meow
야외,outdoor
야채,vegetable
야하다,It's sexy
약,approximately
약간,a little
약국,pharmacy
약속,promise
약속하다,Promise
약수,measure
약점,Weakness
약품,medicine
약하다,weak
약해지다,become weak
약혼녀,fiancee
약혼자,fiance
얄밉다,It's disgusting
얇다,thin
양,sheep
양2,Sheep 2
양25,Sheep 25
양국,both countries
양념,seasoning
양력,solar calendar
양말,socks
양배추,cabbage
양보,concession
양보하다,yield
양복,suit
양상추,lettuce
양식,form
양심,Conscience
양옆,both sides
양주,liquor
양쪽,both side
양파,onion
얕다,shallow
얘,Boy
얘기,talk
얘기하다,talk
어,uh
어기다,violate
어깨,shoulder
어느,any
어느덧,Before you know it
어느새,Suddenly
어두워지다,get dark
어둠,darkness
어둡다,dark
어디,where
어때,how
어떠하다,How is it?
어떡하다,What should I do?
어떤,which
어떻다,how
어려움,difficulty
어려워지다,become difficult
어렵다,difficult
어른,Adult
어리다,young
어리석다,stupid
어린아이,Young kid
어린애,child
어린이,children
어린이날,Children's Day
어머,oh
어머니,mother
어머님,mother
어색하다,It is awkward
어서,hurry
어울리다,comport
어저께,yesterday
어제,yesterday
어젯밤,yesternight
어지럽다,dizzy
어째서,why
어쨌든,anyway
어쩌다,somehow
어쩌다가,What happened
어쩌면,perhaps
어쩐지,no wonder
어쩜,How
어찌,How
어찌나,How
어찌하다,What to do
억,100 million
억울하다,It is unfair
언니,sister
언덕,Hill
언론,Press
언어,language
언제,when
언제나,always
언젠가,someday
얹다,put on
얻다,get
얻어먹다,get it
얼굴,face
얼다,freeze
얼른,hurry
얼리다,freeze
얼마,how much
얼마간,somewhat
얼마나,how much
얼음,ice
얼핏,At first glance
엄격하다,strict
엄마,mom
엄숙하다,solemn
엄청나다,tremendous
업다,up
업무,work
업종,Sectors
업체,company
없다,does not exist
없애다,Delete
없어지다,Run out
없이,without
엇갈리다,diverge
엉덩이,hip
엉뚱하다,It's weird
엉망,mess
엉터리,nonsense
엊그제,Yesterday
엎드리다,kneel down
에,to
에너지,energy
에어컨,air conditioner
엔,n
엔진,engine
엘리베이터,elevator
여,female
여가,Leisure
여간,Anyway
여건,conditions
여겨지다,be considered
여고생,High school girls
여관,motel
여군,female soldier
여권,passport
여기,here
여기다,It's here
여기저기,Here and there
여대생,female college student
여덟,eight
여동생,younger sister
여든,eighty
여러,several
여러분,everyone
여럿,many
여론,public opinion
여름,summer
여름철,summer season
여보,honey
여보세요,hello
여섯,six
여성,female
여왕,Queen
여우,fox
여유,spare
여인,woman
여자,female
여전하다,It's still the same
여전히,still
여직원,female employee
여쭈다,ask
여학생,female student
여행,travel
여행사,Travel agency
여행하다,travel
역,station
역사,history
역사가,historian
역사상,in history
역사적,classic
역사학,history
역시,also
역할,role
연간,yearly
연결,connection
연결되다,connected
연결하다,Interlink
연관,Relation
연구,research
연구소,laboratory
연구실,Lab
연구원,researcher
연구자,researcher
연구하다,Research
연극,theater
연기,performance
연기되다,postponed
연기자,actor
연기하다,Adjourn
연두색,light green
연락,Communication
연락처,contact
연락하다,contact
연령,age
연말,Year-end
연상하다,reminiscent
연설,speech
연세,age
연속,continuity
연습,practice
연습하다,Practice
연애,romantic relationship
연예인,celebrity
연인,lover
연장,extension
연주,play
연출,Production
연출하다,direct
연필,pencil
연하다,soft
연합,Union
연휴,Holidays
열,heat
열기,Heat
열다,open
열리다,open
열매,Fruit
열쇠,key
열심히,try hard
열정,Passion
열중하다,be absorbed
열차,train
열흘,ten days
엷다,thin
염려,worry
염려하다,worry
엽서,Postcard
엿보다,watch for
영,zero
영국,uk
영남,Yeongnam
영상,video
영양,nutrition
영어,english
영업,sales
영역,area
영웅,hero
영원하다,forever
영원히,forever
영하,below zero
영향,effect
영향력,Influence
영혼,soul
영화,movie
영화관,Cinema
영화배우,Actor
영화제,film festival
옆,side
옆구리,side
옆방,next room
옆집,next door
예,yes
예감,presentiment
예고하다,predict
예금,Deposit
예매하다,Reserve
예방,prevention
예방하다,prevent
예보,forecast
예비,Spare
예쁘다,pretty
예산,budget
예상,expectation
예상되다,expected
예상하다,expect
예선,tryout
예순,sixty
예술,art
예술가,artist
예술적,artistic
예습,Preview
예습하다,preview
예식장,wedding hall
예약,reservation
예약하다,reserve
예외,exception
예의,manners
예전,Previous
예절,etiquette
예정,expected
예정되다,scheduled
예측하다,predict
예컨대,for example
옛,ancient
옛날,A long ago
옛날이야기,old story
오,oh
오가다,come and go
오늘,today
오늘날,Today
오다,come
오락,game
오래,long time
오래간만,long time no see
오래도록,For a long time
오래되다,Long time no see
오래전,lang syne
오랜,long-time
오랜만,Long time no see
오랫동안,for a long time
오렌지,orange
오로지,only
오르내리다,go up and down
오르다,climb
오른발,right foot
오른손,right hand
오른쪽,right
오리,duck
오븐,Oven
오빠,brother
오십,fifty
오염,pollution
오염되다,polluted
오월,May
오이,cucumber
오전,morning
오직,Only
오징어,calamari
오페라,opera
오피스텔,Officetels
오해,misunderstanding
오후,afternoon
오히려,rather
옥상,rooftop
옥수수,corner
온,on
온갖,all kinds
온도,temperature
온돌,On-dol
온라인,online
온몸,whole body
온종일,all day
온통,all
올,all
올가을,this fall
올라가다,Go up
올라서다,stand up
올라오다,come up
올라타다,get on
올려놓다,put on
올려다보다,look up
올리다,raise
올림픽,Olympic
올바르다,correct
올여름,this summer
올해,this year
옮기다,move
옳다,right
옷,clothes
옷차림,getup
와,and
와이셔츠,dress shirt
와인,wine
완벽하다,It is perfect
완성,complete
완성되다,complete
완성하다,to complete
완전,very
완전하다,complete
완전히,completely
왕,king
왕비,Queen
왕자,Prince
왜,why
왜냐하면,because
왠지,Somehow
외,except
외갓집,mother's house
외과,surgery
외교,diplomacy
외교관,diplomat
외국,foreign country
외국어,Foreign language
외국인,foreigner
외다,cry out
외로움,loneliness
외롭다,lonely
외면하다,turn away
외모,appearance
외부,Out
외삼촌,uncle
외아들,only son
외우다,memorize
외제,foreign product
외출,outing
외출하다,go out
외치다,shout out
외침,shout
외할머니,maternal grandmother
외할아버지,My mother's father
왼발,left foot
왼손,left hand
왼쪽,left
요,yo. this
요구,request
요구되다,required
요구하다,request
요금,fee
요리,cooking
요리사,chef
요리하다,Cook
요새,these days
요약하다,summarize
요일,Day of the week
요즈음,these days
요즘,recently
요청,request
요청하다,request
욕,swear word
욕실,bathroom
욕심,greed
욕하다,swear
용,dragon
용감하다,brave
용기,courage
용도,Usage
용돈,Pin money
용서,Forgiveness
용서하다,Forgive
용어,Terms
우려,concern
우리,we
우리나라,our country
우리말,Korean
우산,umbrella
우선,first of all
우수하다,great
우습다,It's funny
우승,Championship
우승하다,win
우아하다,elegant
우연히,by chance
우울하다,Depressed
우유,milk
우정,friendship
우주,universe
우체국,post office
우편,post
우표,stamp
운,luck
운동,work out
운동복,Sportswear
운동장,Playground
운동하다,work out
운동화,running shoes
운명,fate
운반,carrying
운영하다,operate
운전,drive
운전기사,driver
운전사,driver
운전자,operator
운전하다,drive
운행,race
울다,cry
울리다,make cry
울산,Ulsan
울음,weeping
울음소리,crying sound
움직이다,Move
움직임,movement
웃기다,funny
웃다,laugh
웃어른,Laughed
웃음,laugh
웃음소리,sound of laughter
워낙,So much
원,one
원고,Manuscript
원래,usually
원서,application
원숭이,monkey
원인,cause
원장,ledger
원피스,one piece
원하다,want
월,month
월급,salary
월드컵,World Cup
월세,monthly
월요일,monday
웨이터,waiter
웬,wen
웬만하다,It's acceptable
웬일,Why
위,stomach
위기,Danger
위대하다,great
위로,consolation
위로하다,console
위반,violation
위반하다,violate
위법,illegality
위성,satellite
위아래,up and down
위원,commissioner
위원장,Chairman
위주,mainly
위쪽,topside
위층,upstairs
위치,location
위치하다,to be placed
위하다,for
위험,danger
위험성,Risks
위험하다,Dangerous
위협,Threat
윗몸,upper body
윗사람,superior
유교,Confucianism
유난히,Especially
유능하다,competent
유럽,europe
유리,glass
유리창,sash
유리하다,It is advantageous
유머,humor
유명,famous
유명하다,Famous
유물,relics
유발하다,cause
유사하다,similar
유산,Legacy
유월,June
유의하다,be careful
유적,ruins
유적지,Historic sites
유지되다,maintained
유지하다,maintain
유치원,kindergarden
유학,Study Abroad
유학생,foreign student
유행,trend
유행하다,popular
유형,category
육,six
육군,army
육상,Athletics
육십,sixty
육체,flesh
육체적,physical
으레,Usually
으응,Yes
은,silver
은은하다,It's subtle
은행,bank
은행나무,Ginkgo
음,hmm
음력,Lunar
음료,beverage
음료수,drink
음반,record
음성,voice
음식,food
음식물,prog
음식점,restaurant
음악,music
음악가,Musician
음주,Drinking
응,huh
응답하다,to respond
의견,opinion
의논,discuss
의논하다,to discuss
의도,Intent
의도적,intentional
의류,clothes
의무,duty
의문,question
의미,meaning
의미하다,mean
의복,cloth
의사,doctor
의식,Consciousness
의식하다,be conscious
의심,doubt
의심하다,Doubt
의외로,surprisingly
의욕,Will
의원,lawmaker
의자,chair
의존하다,be dependent
의지,will
의지하다,Rely
의하다,be due to
의학,Medicine
이,this
이같이,Like this
이거,this
이것,this
이것저것,this and that
이곳,this place
이곳저곳,here and there
이기다,win
이끌다,lead
이날,On this day
이내,Within
이념,ideology
이놈,this guy
이다음,Next
이달,this month
이대로,like this
이데올로기,ideology
이동,movement
이동하다,move
이따가,later
이따금,sometimes
이때,At this time
이래,since
이래서,This is why
이러다,Like this
이러하다,It's like this
이런,this
이런저런,This and that
이렇게,like this
이렇다,It's like this
이력서,resume
이론적,theoretical
이롭다,beneficial
이루다,accomplished
이루어지다,come true
이룩하다,achieve
이뤄지다,come true
이르다,early
이름,name
이리,Wolf
이리저리,back and forth
이마,forehead
이모,aunt
이미,already
이미지,image
이민,immigrant
이발소,barbershop
이번,this time
이별,farewell
이분,This person
이불,bedding
이빨,teeth
이사,move
이사장,Chairman
이사하다,Move house
이상,more
이상적,ideal
이상하다,weird
이성,Sane
이슬,Dew
이십,Twenty
이야기,story
이야기하다,talk
이어,Following
이어서,next
이어지다,be connected
이외,Other than
이용,Use
이용되다,be used
이용자,user
이용하다,use
이웃,neighbor
이웃집,next door
이월,carried over to
이유,reason
이윽고,yet
이익,profit
이자,interest
이전,before
이제,now
이제야,Now
이중,double
이쪽,this way
이튿날,the next day
이틀,Two days
이하,below
이해,understanding
이해관계,interests
이해되다,understand
이해하다,understand
이혼,divorce
이혼하다,divorce
이후,after
익다,ripe
익숙하다,be used to
익숙해지다,Accustomed
익히다,to cook
인,person
인간,human
인간관계,Relationships
인간성,humanity
인간적,humane
인격,personality
인공,art
인구,population
인근,vicinity
인기,popularity
인도,India
인류,humanity
인물,Character
인분8,Servings: 8
인사,greeting
인사말,greetings
인사하다,Greet
인삼,Ginseng
인삼차,Ginseng tea
인상,impression
인상적,impressive
인생,life
인쇄,print
인식하다,Cognize
인연,Destiny
인원,personnel
인재,Human Resources
인정되다,be recognized
인정받다,Affirmed
인정하다,recognize
인제,Inje
인종,race
인천,Incheon
인천공항,Incheon International Airport
인체,anatomy
인터넷,Internet
인터뷰,interview
인하,cut
인하다,cut
인형,doll
일,Day
일곱,seven
일기,diary
일단,first
일대,cohort
일등,first class
일반,common
일반인,general public
일반적,In general
일본,japan
일본어,Japanese
일부,part
일부러,on purpose
일상,daily
일상생활,Everyday life
일상적,routine
일생,lifetime
일손,work in hand
일시적,temporary
일식,Japanese
일쑤,often
일어나다,wake up
일어서다,get up
일요일,sunday
일월,January
일으키다,Raise
일일이,one by one
일자,Date
일자리,Job
일정,schedule
일정하다,constant
일종,kind of
일주일,one week
일찍,early
일찍이,early
일체,one body
일치,Same
일치하다,Coincide
일하다,work
일행,party
일회용,disposable
일회용품,disposable products
일흔,seventy
읽다,read
읽히다,get to read
잃다,lose
잃어버리다,lose
임금,wage
임무,mission
임시,temporary
임신,pregnancy
임신부,pregnant woman
임신하다,be pregnant
입,mouth
입구,Entrance
입국,Entrance
입다,put on
입대,enlist
입력,input
입력하다,enter
입맛,taste
입사,join
입사하다,join
입술,Lips
입시,entrance exam
입원,Admission
입원하다,Hospitalize
입장,Entrance
입학,Admission
입학하다,Enter a school
입히다,plate
잇다,connect
잇따르다,one after another
있다,there is
잊다,forget
잊어버리다,forget
잊혀지다,forgotten
잎,leaf
자,ruler
자가용,own car
자격,Qualification
자격증,certificate
자극,Stimulation
자극하다,stimulate
자기,self
자꾸,repeatedly
자꾸만,keeps on
자네,you
자녀,children
자다,sleep
자동,automatic
자동차,automobile
자라나다,grow up
자라다,grow
자랑,Boast
자랑스럽다,proud
자랑하다,brag
자료,data
자르다,cut
자리,seat
자매,sisters
자부심,pride
자살,Suicide
자살하다,commit suicide
자세,posture
자세하다,detailed
자세히,Details
자식,child
자신,Myself
자신감,confidence
자연,nature
자연스럽다,natural
자연적,natural
자연현상,natural phenomenon
자연환경,natural environment
자연히,naturally
자원,resource
자유,freedom
자유롭다,free
자율,autonomy
자장면,Noodles
자전거,bicycle
자정,midnight
자존심,Pride
자주,often
자체,itself
자취,trace
자판,keyboard
자판기,vending machine
작가,author
작년,last year
작다,small
작성,write
작성하다,write
작아지다,become smaller
작업,work
작용,Action
작용하다,Apply
작은딸,younger daughter
작은아들,younger son
작은아버지,uncle
작은어머니,uncle
작품,Work
잔,glass
잔디,grass
잔디밭,lawn
잔뜩,loads
잔치,party
잘,well
잘나다,be good
잘되다,blend
잘리다,cut
잘못,wrong
잘못되다,go wrong
잘못하다,do wrong
잘살다,live well
잘생기다,handsome
잘하다,Do well
잠,sleep
잠그다,lock
잠기다,sink
잠깐,for a moment
잠들다,fall asleep
잠바,jacket
잠수함,submarine
잠시,for a moment
잠옷,Pajamas
잠자다,sleep
잠자리,dragonfly
잡다,Catch
잡수다,It's a joke
잡수시다,Let's eat
잡아당기다,pull
잡아먹다,eat up
잡지,magazine
잡히다,be caught
장22,Chapter 22
장25,Chapter 25
장가,Marriage
장갑,Gloves
장관,Minister
장군,General
장기간,long term
장기적,long term
장난,joke
장난감,toy
장남,eldest son
장래,future
장례,funeral
장례식,funeral
장르,genre
장마,The rainy season
장면,scene
장모,Mother-in-law
장모님,mother in law
장미,rose
장비,equipment
장사,Sale
장사꾼,merchant
장소,location
장수,Long live
장식,decoration
장애인,Disabled
장인,master
장점,Advantages
장차,In the future
장학금,scholarship
잦다,often
재능,Talent
재다,take
재료,ingredient
재미,fun
재미없다,Not funny
재미있다,It is interesting
재밌다,fun
재빨리,quickly
재산,property
재생,play
재수,Lucky luck
재우다,load with
재작년,the year before last
재정,finance
재주,skill
재즈,jazz
재채기,sneeze
재판,trial
재학,Attending
재활용,recycle
재활용품,recyclables
쟤,He
저,I
저거,that
저것,that
저고리,Jeogori
저곳,over there
저기,excuse me
저녁,dinner
저녁때,evening
저러다,Like that
저런,Like that
저렇게,Like that
저렇다,It's like that
저리,there
저마다,each one
저번,last time
저울,scale
저자,author
저절로,By itself
저지르다,commit
저쪽,there
저축,saving
저편,beyond
저희,we
적,enemy
적극,actively
적극적,active
적다,little
적당하다,It is suitable
적당히,Moderately
적성,aptitude
적어도,At least
적어지다,become less
적용,apply
적용되다,apply
적용하다,apply
적응,adaptation
적응하다,It is adapted
적절하다,It is appropriate
적합하다,Suitable
적히다,write down
전,jeon
전개,deployment
전개되다,unfold
전개하다,unfold
전공,Major
전공하다,Specialize
전구,bulb
전국,Nationwide
전국적,nationwide
전기,electricity
전기밥솥,electric rice cooker
전날,eve
전달,relay
전달되다,delivered
전달하다,deliver
전라도,Jeolla-do
전망,View
전망하다,view
전문,specialty
전문가,expert
전문적,professional
전문점,specialty store
전문직,professional
전반,first half
전반적,overall
전부,entire
전선,wire
전설,Legend
전세,charter
전시,exhibition
전시되다,be on display
전시장,showroom
전시하다,display
전시회,Exhibition
전용,private
전자,former
전쟁,War
전주,Jeonju
전철,subway
전체,entire
전체적,overall
전통,tradition
전통문화,traditional culture
전통적,traditional
전하다,impart
전해지다,pass down
전혀,at all
전화,phone call
전화기,cellphone
전화번호,phone number
전화하다,Make a phone call
전환,transform
전환하다,switch
전후,order
절,I
절대,never
절대로,never
절대적,Absolute
절망,despair
절반,half
절약,Saving
절약하다,Retrench
절차,procedure
젊다,young
젊은이,young people
젊음,youth
점,dot
점검,inspection
점수,score
점심,lunch
점심때,At lunch
점심시간,Lunch hour
점원,clerk
점잖다,polite
점점,getting more and more
점차,gradually
접근,Access
접근하다,draw close
접다,fold
접시,plate
접촉,contact
접하다,contact with
젓가락,chopsticks
젓다,row
정2,Jeong 2
정거장,station
정기,Routine
정기적,regularly
정답,answer
정당,party
정도,degree
정류장,station
정리,organize
정리되다,organized
정리하다,organize
정말,really
정말로,really
정면,face
정문,Front Door
정반대,contrary
정보,information
정보화,informatization
정부,government
정비,maintenance
정상,normal
정상적,normal
정성,Qualitative
정식,Formally
정신,mental
정신과,psychiatry
정신없이,frantically
정신적,mental
정오,At noon
정원,garden
정장,suit
정지,stop
정직하다,honest
정치,politics
정치권,politics
정치인,politician
정치적,political
정치학,politics
정하다,decide
정해지다,Destine
정확하다,Accurate
정확히,exactly
젖,milk
젖다,get wet
제거하다,Remove
제공,offer
제공하다,provide
제과점,bakery
제대로,properly
제대하다,be discharged
제도적,institutional
제목,title
제발,please
제법,quite
제비,swallow
제사,ancestral rites
제삿날,memorial day
제시,proposal
제시되다,presented
제시하다,present
제안,proposal
제안하다,propose
제약,Restrictions
제외되다,be excluded
제외하다,Except
제의,suggest
제의하다,propose
제일,most
제자,student
제자리,In place
제작,produce
제작하다,It is produced
제주도,jeju island
제출,submit
제출하다,submit
제품,product
제한,limit
제한되다,be restricted
제한하다,limit
조,article
조각,piece
조개,clam
조건,condition
조그마하다,It's small
조그맣다,It's small
조금,little
조금씩,gradually
조기,croaker
조깅,jogging
조르다,tease
조명,light
조미료,Condiment
조사3,Investigation 3
조사하다,Investigate
조상,Ancestor
조선,Shipbuilding
조심스럽다,I'm careful
조심하다,Be careful
조용하다,quiet
조용히,quietly
조절,control
조절하다,regulate
조정,adjustment
조정하다,Mediate
조직,group
조카,nephew
조화되다,harmonize
존경하다,Respect
존댓말,Polite word
존재,existence
존재하다,Exist
존중하다,respect
졸다,snooze
졸리다,Sleepy
졸업,graduate
졸업생,graduate
졸업하다,graduate
졸음,drowsiness
좀,a little
좁다,narrow
좁히다,close up
종,bell
종교,religion
종교적,religious
종로,Jong-ro
종류,type
종소리,knell
종업원,Employee
종이,paper
종이컵,paper cup
종일,all day
종종,often
종합,Synthesis
종합하다,synthesize
좋다,good night
좋아,good
좋아지다,get better
좋아하다,like
좌석,seat
좌우,Right and left
죄,crime
죄송하다,sorry
죄인,sinner
주,main
주26,Note 26
주거,dwelling
주고받다,give and take
주관적,subjective
주년,anniversary
주다,give
주로,mostly
주름,wrinkle
주름살,wrinkles
주말,weekend
주머니,pocket
주먹,fist
주무시다,sleep
주문,order
주문하다,Bespeak
주민,citizen
주방,kitchen
주변,around
주부,housewife
주사,injection
주소,address
주스,juice
주식,stock
주어지다,given
주요,main
주요하다,major
주위,around
주의,caution
주의하다,pay heed to
주인,master
주인공,Hero
주일,weekend
주장,opinion
주장하다,assert
주저앉다,sit down
주전자,kettle
주제,subject
주차,parking
주차장,parking lot
주차하다,park
주택,house
주한,Korea
죽,porridge
죽다,die
죽음,death
죽이다,To kill
준비,preparation
준비되다,ready
준비물,materials
준비하다,prepare
줄,line
줄거리,summary
줄곧,all along
줄기,stem
줄다,shrink
줄무늬,stripe
줄어들다,decrease
줄이다,reduce
줍다,pick up
중,middle
중간,middle
중계방송,relay broadcast
중국,china
중국어,chinese
중국집,Chinese restaurant
중년,middle-age
중단,stop
중단되다,stop
중단하다,stop
중대하다,great
중독,Addicted
중반,mid
중부,Central
중세,Middle Ages
중소기업,small business
중순,mid
중식8,Lunch 8
중심,center
중심지,center
중앙,center
중얼거리다,mutter
중요,important
중요성,importance
중요시하다,attach importance to
중요하다,It is important
중학교,middle School
중학생,Middle schooler
쥐,mouse
쥐다,hold
즉,in other words
즉석,instant
즉시,immediately
즐거움,joy
즐거워하다,be happy
즐겁다,fun
즐기다,enjoy
증가,increase
증가하다,Increase
증거,evidence
증권,stock
증권사,Securities company
증명하다,prove
증상,Symptom
증세,tax increase
지,ji
지각,tardy
지갑,wallet
지겹다,boring
지경,Jigyeong
지구,earth
지극히,extremely
지금,now
지금껏,Until now
지급,Payments
지급하다,pay
지나가다,Pass by
지나다,pass by
지나치다,go too far
지난날,Last Day
지난달,last month
지난번,last time
지난주,last week
지난해,last year
지내다,stay
지능,Intellect
지니다,carry
지다,lose
지대,belt
지도,map
지도자,Leader
지도하다,lead
지루하다,boring
지르다,kick
지름길,shortcut
지리산,Jiri Mountain
지방,province
지배하다,rule
지불하다,Pay
지붕,roof
지속되다,continue
지속적,constantly
지시,instruction
지시하다,instruct
지식,knowledge
지식인,intellectual
지역,region
지우개,eraser
지우다,erase
지워지다,erased
지원,support
지원하다,apply
지위,status
지저분하다,dirty
지적,Point out
지적되다,point out
지적하다,Point out
지점,Point
지지,support
지진,earthquake
지출,expenditure
지치다,exhausted
지켜보다,Watch
지키다,protect
지폐,money
지하,underground
지하도,underpass
지하철,subway
지혜,wisdom
직선,Straight
직업,job
직원,employee
직장,rectal
직장인,Office workers
직전,eve
직접,directly
직접적,direct
직후,Immediately after
진급,promotion
진단,Diagnosis
진단하다,diagnose
진달래,Azalea
진동,vibration
진로,Course
진료,diagnosis
진리,truth
진실,truth
진실로,truly
진실하다,TRUE
진심,Sincerity
진지하다,Serious
진짜,really
진찰,examination
진출,debouchment
진출하다,advance
진통,throes
진하다,It's thick
진행,progress
진행되다,progress
진행자,MC
진행하다,progress
질,quality
질문,question
질문하다,Ask a question
질병,disease
질서,law
질적,qualitative
짐,load
짐작,guesswork
짐작하다,guess
집,house
집다,nip
집단,group
집단적,collective
집안,house management
집안일,housework
집어넣다,Put in
집중,Concentration
집중되다,be concentrated
집중적,intensive
집중하다,Concentrate upon
짓,act
짓다,build
짙다,It's dark
짚다,point out
짜다,salty
짜증,petulance
짜증스럽다,It's annoying
짝,match
짧다,short
짧아지다,become shorter
쩔쩔매다,be embarrassed
쪽,side
쫓겨나다,Kicked out
쫓기다,chased
쫓다,run
쭉,all the way
찌개,soup
찌꺼기,leftover
찌다,steam
찌르다,stab
찍다,hew
찍히다,be taken
찢다,tear
찢어지다,tear
차,car
차갑다,cold
차남,second son
차다,cold
차라리,rather
차량,vehicle
차례,order
차리다,prepare
차림,outfit
차마,I can't bear it
차별,discrimination
차선,lane
차이,difference
차이점,difference
차차,Chacha
차창,car window
차츰,Gradually
착각,mistaken
착각하다,be mistaken
착하다,kind
찬물,cold water
찬성,agree
찬성하다,agree
참,really
참가,attend
참가하다,participate
참고하다,refer to
참기름,Sesame oil
참다,suppress
참되다,TRUE
참새,Sparrow
참석,attend
참석자,participant
참석하다,Attend
참여,Participation
참여하다,participate
참외,melon
참으로,Indeed
참조,reference
찻잔,teacup
창,window
창가,window
창고,storage
창구,window
창문,window
창밖,outside the window
창작,Creation
창조,creation
창조적,creative
창조하다,create
창피하다,It is embarrassing
찾다,find
찾아가다,to go look for
찾아내다,find out
찾아다니다,look for
찾아보다,To look for
찾아오다,come to
채,stick
채널,channel
채소,vegetable
채우다,Fill
채점,grading
책,book
책가방,school bag
책방,bookstore
책상,table
책임,responsibility
책임감,responsibility
책임자,responsible person
책임지다,Vouch
챔피언,champion
챙기다,take
처녀,Virgin
처리,process
처벌,punishment
처음,first
처지,situation
척,chuck
척하다,pretend
천,cloth
천국,heaven
천둥,Thunder
천장,ceiling
천재,genius
천천히,slowly
철,steel
철도,railroad
철저하다,thorough
철저히,thoroughly
철학,philosophy
철학자,philosopher
철학적,philosophical
첫,first
첫날,First day
첫째,first
청년,youth
청바지,jeans
청소,cleaning
청소기8,vacuum cleaner 8
청소년,Teenager
청소하다,clean
청춘,youth
청하다,ask
체계적,systematic
체력,health
체온,temperature
체육,Athletic
체육관,gym
체조,Gymnastics
체중,weight
체하다,pretend
체험,experience
체험하다,experience
쳐다보다,To look at
초,candle
초기,Early
초대,invite
초대하다,invite
초등학교,elementary school
초등학생,Elementary student
초록색,green
초반,early days
초밥,sushi
초보,beginner
초보자,Beginner
초상화,portrait
초순,early
초여름,early summer
초원,grassland
초저녁,early evening
초점,focus
초조하다,nervous
초청,invitation
초청장,invitation
초청하다,invite
초콜릿,chocolate
촌스럽다,It's tacky
촛불,Candlelight
총,gun
총각,bachelor
총리,Prime Minister
총장,president
촬영,filming
최고,best
최고급,top quality
최근,recent
최대,maximum
최대한,Most
최상,the best
최선,best
최소,Ieast
최소한,at least
최신,recent
최악,worst
최저,lowest
최종,final
최초,the first
최후,last
추가,addition
추가되다,added
추가하다,add
추다,dance
추석,Thanksgiving
추억,memory
추위,cold
추진,propel
추진하다,carry forward
추천,suggestion
추천하다,recommend
추측,guess
축구,soccer
축구공,soccer ball
축구장,soccer field
축소,reduction
축제,festival
축하,congrats
축하하다,Celebrate
출구,exit
출국,Departure
출근,go to work
출근하다,go to work
출발,depart
출발점,starting point
출발하다,Depart
출산,delivery
출석하다,attend
출신,Native
출연,Appearance
출연하다,appear
출입,coming and going
출입국,Immigration
출입문,entrance door
출장,business trip
출퇴근,commute
출판,Publishing
출판사,publisher
출현하다,appear
춤,dance
춤추다,to dance
춥다,cold
충격,Shock
충격적,shocking
충고,advice
충돌,crash
충돌하다,collide
충분하다,Suffice
충분히,enough
충청도,Chungcheong-do
취미,hobby
취소,cancellation
취소하다,to cancel
취업,employment
취재,take
취직,employment
취하다,drunk
취향,taste
층,floor
치과,Dentist
치다,hit
치료,therapy
치료법,cure
치료하다,Treat
치르다,pay
치마,skirt
치아,teeth
치약,toothpaste
치우다,clean up
치즈,cheese
친구,friend
친절,kindness
친절하다,nice
친정,parent's house
친척,Relative
친하다,close
친해지다,become friendly
칠,seven
칠십,seventy
칠월,July
칠판,blackboard
칠하다,paint
침,saliva
침대,bed
침묵,silence
침실,bedroom
침착하다,calm down
칫솔,toothbrush
칭찬,compliment
칭찬하다,Praise
카드,card
카레,Curry
카메라,camera
카운터,counter
카페,cafe
칸,Cannes
칼,knife
칼국수,Kalguksu
캄캄하다,It's dark
캐나다,Canada
캐릭터,character
캠퍼스,campus
캠페인,campaign
커다랗다,It's big
커지다,grow big
커튼,curtain
커피,coffee
컨디션,Condition
컬러,color
컴퓨터,computer
컵,cup
케첩,ketchup
켜다,turn on
켜지다,turn on
코,nose
코끝,tip of nose
코끼리,elephant
코너,corner
코드,code
코미디,comedy
코스,course
코스모스,Cosmos
코치,coach
코트,coat
코피,Nosebleed
콘서트,concert
콜라,Cola
콤플렉스,complex
콩,bean
콩나물,Bean sprouts
쾌감,pleasure
쿠데타,Coup d'etat
크기,size
크다,big
크리스마스,christmas
크림,cream
큰길,main street
큰딸,eldest daughter
큰소리,loudly
큰아들,eldest son
큰아버지,uncle
큰어머니,eldest mother
큰일,big deal
큰절,bow loudly
클래식,classic
클럽,club
키,key
키스,kiss
키우다,grow
킬로,kilo
킬로그램,kilogram
킬로미터,kilometer
타고나다,be born with
타다,ride
타락,Corruption
타오르다,burn
타입,type
타자기,keyboard
탁,widely
탁구,Ping-pong
탁월하다,excellent
탁자,table
탄생,birth
탄생하다,be born
탈출하다,to escape
탑,tower
탓,fault
태권도,Taekwondo
태도,attitude
태아,fetus
태양,sun
태어나다,bear
태우다,Burn
태풍,Typhoon
택시,taxi
택하다,select
탤런트,Talent
터,place
터널,tunnel
터뜨리다,explode
터미널,terminal
터지다,To explode
턱,chin
털,hair
털다,whisk
텅,Tongue
테니스,tennis
테러,terror
테스트,test
테이블,table
테이프,tape
텍스트,text
텔레비전,television
토끼,rabbit
토대,foundation
토론,debate
토론자,debater
토론하다,have a discussion
토론회,debating society
토마토,tomato
토요일,Saturday
토하다,vomit
톤,ton
통,container
통계,statistics
통과,Pass
통과하다,Pass
통로,Passage
통신,communication
통역,translate
통일,unity
통일하다,unify
통장,Bank book
통제,control
통증,ache
통하다,pass
통합,integrated
통화,call
퇴근,leave work
퇴근하다,leave work
퇴원,Discharge
퇴원하다,discharge from hospital
퇴직금,severance pay
투명하다,transparent
투자,invest
투표,vote
튀기다,fry
튀김,fried food
튀다,splatter
튀어나오다,pop up
트럭,truck
트이다,open
특급,Express
특별,Special
특별하다,special
특별히,especially
특성,characteristic
특수,special
특수성,distinctiveness
특이하다,Unusual
특정하다,specific
특징,characteristic
특히,especially
튼튼하다,strong
튼튼히,Strongly
틀,frame
틀다,turn on
틀리다,wrong
틀림없다,It's definitely true
틀림없이,definitely
틈,aperture
티브이,TV
티셔츠,t-shirt
팀,team
파,green onion
파괴하다,destroy
파다,dig
파도,tide
파란색,blue
파랗다,blue
파리,fly
파악하다,Seize
파일,file
파출소,police box
파티,party
판,board
판결,verdict
판단,judgment
판단하다,Judge
판매,sale
판매되다,sold
판매하다,sell
판사,judge
팔,eight
팔다,sell
팔리다,sell
팔십,eighty
팔월,August
팝송,pop song
패션,fashion
팩,pack
팩스,fax
팩시밀리,facsimile
팬,Pan
팬티,panties
퍼센트,percent
퍼지다,spread
퍽,puck
페인트,Paint
펴내다,publish
펴다,Spread
편,side
편견,prejudice
편리하다,convenient
편안하다,It is comfortable
편의,Convenience
편의점,convenience store
편지,letter
편하다,relaxing
편히,comfortably
펼쳐지다,unfold
평,pyeong
평가,evaluation
평가되다,be evaluated
평가하다,evaluate
평균,average
평범하다,normal
평상시,normally
평생,forever
평소,usually
평양,Pyongyang
평일,weekday
평화,peace
평화롭다,It's peaceful
폐지,abolition
포근하다,comfy
포기하다,give up
포도,grape
포도주,wine
포스터,poster
포인트,point
포장,packaging
포장마차,snack cart
포크,fork
포함,include
포함되다,to be included
포함하다,include
폭,width
폭넓다,wide
폭력,violence
표,graph
표면,surface
표시,mark
표시하다,Denote
표정,expression
표준,standard
표현,expression
표현되다,expressed
표현하다,express
푸다,scoop out
푸르다,blue
푹,deeply
풀,grass
풀다,solve
풀리다,Relent
풀어지다,be released
품,Poom
품다,incubate
품목,item
품질,quality
풍경,sight
풍부하다,rich
풍속,wind speed
풍습,custom
프랑스,france
프로,Pro
프로그램,program
프린터,printer
플라스틱,plastic
피,blood
피곤,tired
피곤하다,I'm tired
피다,Blossom
피디,PD
피로,fatigue
피로하다,tired
피망,pimento
피부,skin
피시,fish
피아노,piano
피우다,smoke
피자,pizza
피하다,avoid
피해,damage
피해자,victim
필름,film
필수,essential
필수적,essential
필연적,inevitable
필요,necessary
필요성,Necessity
필요하다,need
필자,writer
필통,pencilcase
핑계,excuse
하,under
하긴,but
하나,one
하나님,father
하나하나,One by one
하느님,God
하늘,sky
하다,do
하도,Hado
하드웨어,hardware
하루,day
하룻밤,one night
하반기,Second half
하숙집,Boarding house
하순,late
하얀색,White
하얗다,White
하여튼,anyway
하지만,but
하천,River
하품,yawn
하필,Of course
하하,haha
학과,Department
학교,school
학교생활,school life
학급,class
학기,semester
학년,grade
학력,Education
학번,Student ID
학부모,parents
학비,School expenses
학생,student
학생증,Student ID
학술,academic
학습,learning
학용품,stationery
학원,academy
학위,degree
학자,Scholar
학점,Grades
한,one
한가운데,midst
한가하다,It is idle
한강,Han River
한겨울,midwinter
한결,Hangyeol
한계,Limit
한구석,a corner
한국,korea
한국말,Korean
한국어,korean
한국적,Korean
한글,korean
한글날,Hangul Day
한꺼번에,At the same time
한낮,midday
한눈,glance
한데,But
한동안,for a while
한두,one or two
한둘,one or two
한때,onetime
한라산,Mt. Hanlla
한마디,one word
한문,Chinese
한반도,Korean Peninsula
한밤중,midnight
한번,once
한복,Han bok
한순간,a moment
한숨,sigh
한식,Korean
한여름,midsummer
한자,chinese character
한잔,a drink
한잔하다,have a drink
한정되다,limited
한정하다,limit
한쪽,pair
한참,long time
한창,In full swing
한층,even
한편,Meanwhile
한평생,a lifetime
한하다,limit
할머니,grandma
할아버지,grandfather
할인,discount
함께,together
함께하다,together
함부로,thoughtlessly
합격,pass
합격하다,Pass an examination
합리적,rational
합치다,combine
합하다,fit
항공,Airline
항공기,aircraft
항구,Harbor
항상,always
항의,protest
해,sun
해결,solve
해결되다,solved
해결하다,solve
해군,Navy
해내다,accomplish
해답,solution
해당,corresponding
해당되다,Applicable
해당하다,correspond to
해롭다,It's harmful
해마다,year after year
해물,seafood
해석,Translate
해석하다,interpret
해설,Commentary
해소,solution
해소하다,Release
해수욕장,Beach
해안,Coast
해외,Overseas
해외여행,Overseas Travel
핵,nucleus
핵심,main point
핸드백,handbag
핸드폰,cell phone
햄,ham
햄버거,hamburger
햇볕,sunshine
햇빛,sunlight
햇살,sunlight
행동,action
행동하다,Act
행복,happiness
행복하다,happy
행사,event
행운,luck
행위,Act
행하다,hold
행해지다,be done
향,incense
향기,Scent
향상,Improving
향상되다,improve
향수,perfume
향하다,lean towards
허가,permission
허락,allow
허락하다,Permit
허리,waist
허용,permit
허용되다,allowed
허용하다,permit
허허,haha
헌,used
헤매다,wander about
헤아리다,count
헤어지다,break up
헬기,helicopter
혀,tongue
현,hyeon
현관,entrance
현관문,Main door
현금,cash
현대,hyundai
현대인,modern
현대적,modern
현상,phenomenon
현실,reality
현실적,realistic
현장,site
현재,today
현지,local
혈액,blood
협력,Cooperation
형,brother
형님,older brother
형부,Brother-in-law
형사,detective
형성,formation
형성되다,formed
형성하다,form
형수,Sister-in-law
형식,form
형식적,formal
형제,sibling
형태,form
형편,circumstances
혜택,Benefits
호,like
호기심,curiosity
호남,Honam
호랑이,tiger
호박,pumpkin
호선8,Line 8
호수,lake
호실,room
호주,australia
호주머니,pocket
호텔,hotel
호흡,Breath
혹시,if
혹은,or
혼나다,be scolded
혼자,alone
혼잣말,soliloquy
홀로,alone
홈페이지,home page
홍보,promotion
홍수,flood
홍차,black tea
화,fury
화가,artist
화나다,angry
화려하다,Gorgeous
화면,screen
화분,pot
화살,arrow
화요일,tuesday
화장,Makeup
화장실,restroom
화장지,paper towel
화장품,cosmetics
화재,fire
화제,issue
화학,chemistry
확,sudden
확대되다,enlarge
확대하다,to enlarge
확립하다,establish
확보,secure
확산되다,spread
확신,assurance
확신하다,Is convinced
확실하다,It is certainly
확실히,surely
확인,check
확인되다,confirmed
확인하다,check
확장,expansion
확정,confirmed
환갑,60th birthday
환경,environment
환경오염,Pollution
환영,illusion
환영하다,Welcome
환율,Exchange Rate
환자,patient
환하다,clear
활기,vigor
활동,activity
활동하다,To be active
활발하다,It is actively
활발해지다,become active
활발히,actively
활용,uses
활용하다,utilize
활짝,wide open
회,episode
회견,interview
회관,hall
회복,recovery
회복되다,recover
회복하다,to recover
회사,company
회색,gray
회원,member
회의,meeting
회장,Chairman
회전,rotation
회화,conversation
횟수,number
횡단보도,crosswalk
효과,effect
효과적,effective
효도,filial piety
효도하다,be filial
효율적,efficient
효자,filial son
후,after
후기,review
후반,second half
후배,Junior
후보,candidate
후춧가루,black pepper
후회,regret
후회하다,regret
훈련,training
훌륭하다,excellent
훔치다,steal
훨씬,more
휴가,vacation
휴식,rest
휴일,day off
휴지,tissue
휴지통,trash can
흉내,mimicry
흐려지다,blur
흐르다,flow
흐름,flow
흐리다,cloudy
흑백,Gray-scale
흑인,black
흔들다,shake
흔들리다,Oscillate
흔적,trace
흔하다,common
흔히,Often
흘러가다,flow
흘러나오다,flow out
흘러내리다,flow down
흘리다,spill
흙,soil
흥미,interest
흥미롭다,Interesting
흥분,excitement
흥분하다,excited
흩어지다,scatter
희곡,drama
희다,white
희망,hope
희망하다,I hope
희생,sacrifice
희생하다,sacrifice
흰색,White
힘,strength
힘겹다,It's hard
힘껏,amain
힘들다,it's tough
힘들어하다,have a hard time
힘쓰다,exert effort
힘없이,helplessly
힘차다,powerful
시몽,👀
코코,🐶